id,card_link,title,img_url
2b26ba93-5c36-11ee-86aa-b4e529096876,https://desenio.co.uk/g/p/gallery-walls/textile-art-gallery-wall/,textile-art-gallery-wall,https://images.desenio.com/zoom/gw-18468-818133-518467-8.jpg
2b26ba94-5c36-11ee-9c72-b4e529096876,https://desenio.co.uk/g/p/gallery-walls/figure-abstract-gallery-wall/,figure-abstract-gallery-wall,https://images.desenio.com/zoom/18272-516499-816500-118066-818270-5.jpg
2b26ba95-5c36-11ee-90e0-b4e529096876,https://desenio.co.uk/g/p/gallery-walls/retro-bedroom-gallery-wall/,retro-bedroom-gallery-wall,https://images.desenio.com/zoom/18564-518578-518567-8_2.jpg
2b26ba96-5c36-11ee-bfe4-b4e529096876,https://desenio.co.uk/g/p/gallery-walls/nordic-retreat-gallery-wall/,nordic-retreat-gallery-wall,https://images.desenio.com/zoom/18527-818530-5p18526-818522-118532-818523-8p.jpg
2b26ba97-5c36-11ee-bcca-b4e529096876,https://desenio.co.uk/g/p/gallery-walls/study-corner-gallery-wall/,study-corner-gallery-wall,https://images.desenio.com/zoom/14789-5p15989-817093-3.jpg
2b26ba98-5c36-11ee-a1d7-b4e529096876,https://desenio.co.uk/g/p/gallery-walls/beige-summer-gallery-wall/,beige-summer-gallery-wall,https://images.desenio.com/zoom/18328-518145-118143-818140-5.jpg
2b26ba99-5c36-11ee-a36b-b4e529096876,https://desenio.co.uk/g/p/gallery-walls/think-pink-gallery-wall/,think-pink-gallery-wall,https://images.desenio.com/zoom/18423-818424-8p18428-8.jpg
2b26ba9a-5c36-11ee-804d-b4e529096876,https://desenio.co.uk/g/p/gallery-walls/simplicity-art-gallery-wall/,simplicity-art-gallery-wall,https://images.desenio.com/zoom/pre0123-5pre0122-8.bw.jpg
2b26ba9b-5c36-11ee-aab6-b4e529096876,https://desenio.co.uk/g/p/gallery-walls/ballet-art-gallery-wall/,ballet-art-gallery-wall,https://images.desenio.com/zoom/18441-518442-518443-818440-8.jpg
2b26ba9c-5c36-11ee-9bac-b4e529096876,https://desenio.co.uk/g/p/gallery-walls/light-green-atmosphere-gallery-wall/,light-green-atmosphere-gallery-wall,https://images.desenio.com/zoom/18077-516271-817124-117732-818076-5.jpg
2b26ba9d-5c36-11ee-8224-b4e529096876,https://desenio.co.uk/g/p/gallery-walls/spring-feelings-gallery-wall/,spring-feelings-gallery-wall,https://images.desenio.com/zoom/16240-816245-516242-8.jpg
2b26ba9e-5c36-11ee-87d6-b4e529096876,https://desenio.co.uk/g/p/gallery-walls/we-love-matisse-gallery-wall/,we-love-matisse-gallery-wall,https://images.desenio.com/zoom/18113-816274-8p18106-817389-4.jpg
2b26ba9f-5c36-11ee-bc9b-b4e529096876,https://desenio.co.uk/g/p/gallery-walls/green-botanical-gallery-wall-0/,green-botanical-gallery-wall-0,https://images.desenio.com/zoom/18164-518161-818168-8.jpg
2b26e164-5c36-11ee-bfe9-b4e529096876,https://desenio.co.uk/g/p/gallery-walls/into-the-wild-gallery-wall/,into-the-wild-gallery-wall,https://images.desenio.com/zoom/18366-518367-818376-518377-518378-818373-5.jpg
2b26e165-5c36-11ee-a086-b4e529096876,https://desenio.co.uk/g/p/gallery-walls/by-the-sea-gallery-wall/,by-the-sea-gallery-wall,https://images.desenio.com/zoom/18235-818238-8p18237-8.jpg
2b26e166-5c36-11ee-86bb-b4e529096876,https://desenio.co.uk/g/p/gallery-walls/dreamy-blue-gallery-wall/,dreamy-blue-gallery-wall,https://images.desenio.com/zoom/13675-816822-218021-5.jpg
2b26e167-5c36-11ee-aa12-b4e529096876,https://desenio.co.uk/g/p/gallery-walls/playful-vibe-gallery-wall/,playful-vibe-gallery-wall,https://images.desenio.com/zoom/18179-518178-618189-818180-818177-818181-518190-6.jpg
2b26e168-5c36-11ee-9488-b4e529096876,https://desenio.co.uk/g/p/gallery-walls/soft-vibes-gallery-wall/,soft-vibes-gallery-wall,https://images.desenio.com/zoom/12873-518071-818070-516274-5p.jpg
2b26e169-5c36-11ee-9337-b4e529096876,https://desenio.co.uk/g/p/gallery-walls/grateful-colors-gallery-wall/,grateful-colors-gallery-wall,https://images.desenio.com/zoom/16572-816720-518092-516472-418093-516571-8.s.jpg
2b26e16a-5c36-11ee-b81e-b4e529096876,https://desenio.co.uk/g/p/gallery-walls/warm-shapes-gallery-wall/,warm-shapes-gallery-wall,https://images.desenio.com/zoom/18131-818130-818133-618127-518129-6.jpg
2b26e16b-5c36-11ee-b4e4-b4e529096876,https://desenio.co.uk/g/p/gallery-walls/flower-wall-gallery-wall/,flower-wall-gallery-wall,https://images.desenio.com/zoom/10988-812897-517394-815693-5p14840-815695-8.flowerwall.bedroom.jpg
2b26e16c-5c36-11ee-936e-b4e529096876,https://desenio.co.uk/g/p/gallery-walls/beige-shades-gallery-wall/,beige-shades-gallery-wall,https://images.desenio.com/zoom/17988-515154-518021-816271-517732-8.jpg
2b26e16d-5c36-11ee-8575-b4e529096876,https://desenio.co.uk/g/p/gallery-walls/you-me-bed-gallery-wall/,you-me-bed-gallery-wall,https://images.desenio.com/zoom/12126-517199-513968-817201-813967-817202-8.youmebed.bedroom.jpg
2b26e16e-5c36-11ee-a49b-b4e529096876,https://desenio.co.uk/g/p/gallery-walls/mindful-art-gallery-wall/,mindful-art-gallery-wall,https://images.desenio.com/zoom/18048-518044-818049-518046-818042-518050-518047-8.mindfulart.bedroom.jpg
2b26e16f-5c36-11ee-890a-b4e529096876,https://desenio.co.uk/g/p/gallery-walls/female-figure-gallery-wall/,female-figure-gallery-wall,https://images.desenio.com/zoom/17615-517222-116359-816459-517613-5pre0152-5.femalefigure.bedroom.jpg
2b26e170-5c36-11ee-b2a6-b4e529096876,https://desenio.co.uk/g/p/gallery-walls/colorful-vibes-gallery-wall/,colorful-vibes-gallery-wall,https://images.desenio.com/zoom/18062-818056-818060-418061-8.colorfulvibes.bedroom.jpg
2b26e171-5c36-11ee-a16d-b4e529096876,https://desenio.co.uk/g/p/gallery-walls/flower-spot-gallery-wall/,flower-spot-gallery-wall,https://images.desenio.com/zoom/18015-818017-818016-518021-8.flowerspot.bedroom.jpg
2b26e172-5c36-11ee-b28a-b4e529096876,https://desenio.co.uk/g/p/gallery-walls/modern-touch-gallery-wall/,modern-touch-gallery-wall,https://images.desenio.com/zoom/17985-517988-817986-417994-818004-817984-5.bw.moderntouch.bedroom.jpg
2b26e173-5c36-11ee-b6b0-b4e529096876,https://desenio.co.uk/g/p/gallery-walls/tea-in-bed-gallery-wall/,tea-in-bed-gallery-wall,https://images.desenio.com/zoom/17924-516588-517731-116587-8.teainbed.bedroom.jpg
2b26e174-5c36-11ee-8829-b4e529096876,https://desenio.co.uk/g/p/gallery-walls/graphic-lines-gallery-wall/,graphic-lines-gallery-wall,https://images.desenio.com/zoom/18011-517991-817989-5tray022-38.graphiclines.bedroom.jpg
2b26e175-5c36-11ee-80e8-b4e529096876,https://desenio.co.uk/g/p/gallery-walls/abstract-color-gallery-wall/,abstract-color-gallery-wall,https://images.desenio.com/zoom/17698-517924-515356517002-817925-8.abstractcolor.bedroom.jpg
2b26e176-5c36-11ee-b880-b4e529096876,https://desenio.co.uk/g/p/gallery-walls/touch-of-green-gallery-wall/,touch-of-green-gallery-wall,https://images.desenio.com/zoom/16099-814699-617731-817405-117406-516753-817717-817613-517405-1.touchofgreen.bedroom.jpg
2b26e177-5c36-11ee-aeed-b4e529096876,https://desenio.co.uk/g/p/gallery-walls/beige-moment-gallery-wall/,beige-moment-gallery-wall,https://images.desenio.com/zoom/14386-517840-816472-510999-5p17835-817839-8.beigemoment.bedroom.jpg
2b26e178-5c36-11ee-8e46-b4e529096876,https://desenio.co.uk/g/p/gallery-walls/female-silhouette-gallery-wall/,female-silhouette-gallery-wall,https://images.desenio.com/zoom/17821-517822-517827-5.femalesilhouette.bedroom.jpg
2b26e179-5c36-11ee-922c-b4e529096876,https://desenio.co.uk/g/p/gallery-walls/abstract-shapes-gallery-wall-0/,abstract-shapes-gallery-wall-0,https://images.desenio.com/zoom/16754-416271-517722-816753-8p17405-8.abstractshapes.bedroom.jpg
2b26e17a-5c36-11ee-b2d2-b4e529096876,https://desenio.co.uk/g/p/gallery-walls/mrs-mighetto-gallery-wall/,mrs-mighetto-gallery-wall,https://images.desenio.com/zoom/co0070-5co0073-5co0072-5co0071-5.mrsmighetto.kidsroom.jpg
2b26e17b-5c36-11ee-b82c-b4e529096876,https://desenio.co.uk/g/p/gallery-walls/californian-deserts-gallery-wall/,californian-deserts-gallery-wall,https://images.desenio.com/zoom/17805-817803-517811-517793-517804-5p17800-517791-817819-817810-5.bw.californiandeserts.bedroom.jpg
2b26e17c-5c36-11ee-9e5b-b4e529096876,https://desenio.co.uk/g/p/gallery-walls/bedroom/artsy-mindfulness-gallery-wall/,bedroom,https://images.desenio.com/zoom/INSP10842_1.jpg
2b26e17d-5c36-11ee-8704-b4e529096876,https://desenio.co.uk/g/p/gallery-walls/selfcare-beige-gallery-wall/,selfcare-beige-gallery-wall,https://images.desenio.com/zoom/INSP10844_1.jpg
2b26e17e-5c36-11ee-8fc8-b4e529096876,https://desenio.co.uk/g/p/gallery-walls/bedroom/kahlo-in-green-gallery-wall/,bedroom,https://images.desenio.com/zoom/INSP10838_1.jpg
2b26e17f-5c36-11ee-8c94-b4e529096876,https://desenio.co.uk/g/p/gallery-walls/bedroom/calm-space-gallery-wall/,bedroom,https://images.desenio.com/zoom/INSP10833_1.jpg
2b26e180-5c36-11ee-bbeb-b4e529096876,https://desenio.co.uk/g/p/gallery-walls/bedroom/beige-bright-gallery-wall/,bedroom,https://images.desenio.com/zoom/INSP10821_1.jpg
2b26e181-5c36-11ee-b836-b4e529096876,https://desenio.co.uk/g/p/gallery-walls/bedroom/color-pop-gallery-wall/,bedroom,https://images.desenio.com/zoom/INSP10816_1.jpg
2b26e182-5c36-11ee-9ca2-b4e529096876,https://desenio.co.uk/g/p/gallery-walls/bedroom/hotel-milano-gallery-wall/,bedroom,https://images.desenio.com/zoom/INSP10813_1.jpg
2b26e183-5c36-11ee-9c11-b4e529096876,https://desenio.co.uk/g/p/gallery-walls/bedroom/cosy-yellow-gallery-wall/,bedroom,https://images.desenio.com/zoom/INSP10806_1.jpg
2b26e184-5c36-11ee-a42a-b4e529096876,https://desenio.co.uk/g/p/gallery-walls/bedroom/it-destinations-gallery-wall/,bedroom,https://images.desenio.com/zoom/INSP10802_1.jpg
2b26e185-5c36-11ee-8e4c-b4e529096876,https://desenio.co.uk/g/p/gallery-walls/bedroom/art-by-kit-gallery-wall/,bedroom,https://images.desenio.com/zoom/INSP10797_1.jpg
2b26e186-5c36-11ee-b6c5-b4e529096876,https://desenio.co.uk/g/p/gallery-walls/bedroom/calming-combination-gallery-wall/,bedroom,https://images.desenio.com/zoom/INSP10790_1.jpg
2b26e187-5c36-11ee-b0fb-b4e529096876,https://desenio.co.uk/g/p/gallery-walls/bedroom/cosy-corner-gallery-wall/,bedroom,https://images.desenio.com/zoom/INSP10794_1.jpg
2b26e188-5c36-11ee-8397-b4e529096876,https://desenio.co.uk/g/p/gallery-walls/bedroom/cottage-living-gallery-wall/,bedroom,https://images.desenio.com/zoom/INSP10791_1.jpg
2b26e189-5c36-11ee-9e71-b4e529096876,https://desenio.co.uk/g/p/gallery-walls/bedroom/cozy-beige-gallery-wall/,bedroom,https://images.desenio.com/zoom/INSP10784_1.jpg
2b26e18a-5c36-11ee-ba8d-b4e529096876,https://desenio.co.uk/g/p/gallery-walls/bedroom/morning-green-gallery-wall/,bedroom,https://images.desenio.com/zoom/INSP10778_1.jpg
2b26e18b-5c36-11ee-8212-b4e529096876,https://desenio.co.uk/g/p/gallery-walls/bedroom/intense-green-gallery-wall/,bedroom,https://images.desenio.com/zoom/INSP10776_1.jpg
2b26e18c-5c36-11ee-9ef3-b4e529096876,https://desenio.co.uk/g/p/gallery-walls/bedroom/soft-tones-gallery-wall/,bedroom,https://images.desenio.com/zoom/INSP10773_1.jpg
2b26e18d-5c36-11ee-8b02-b4e529096876,https://desenio.co.uk/g/p/gallery-walls/bedroom/playful-colors-gallery-wall/,bedroom,https://images.desenio.com/zoom/INSP10770_1.jpg
2b26e18e-5c36-11ee-9e34-b4e529096876,https://desenio.co.uk/g/p/gallery-walls/bedroom/calm-green-gallery-wall/,bedroom,https://images.desenio.com/zoom/INSP10764_1.jpg
2b26e18f-5c36-11ee-9cc3-b4e529096876,https://desenio.co.uk/g/p/gallery-walls/bedroom/coral-beach-gallery-wall/,bedroom,https://images.desenio.com/zoom/INSP10762_1.jpg
2b26e190-5c36-11ee-8e82-b4e529096876,https://desenio.co.uk/g/p/gallery-walls/bedroom/something-blue-gallery-wall/,bedroom,https://images.desenio.com/zoom/INSP10758_1.jpg
2b26e191-5c36-11ee-9ca9-b4e529096876,https://desenio.co.uk/g/p/gallery-walls/bedroom/serene-colours-for-living-room/,bedroom,https://images.desenio.com/zoom/INSP10738_1.jpg
2b26e192-5c36-11ee-b273-b4e529096876,https://desenio.co.uk/g/p/gallery-walls/relaxed-prints-in-bedroom/,relaxed-prints-in-bedroom,https://images.desenio.com/zoom/INSP10737_1.jpg
2b26e193-5c36-11ee-a300-b4e529096876,https://desenio.co.uk/g/p/gallery-walls/bedroom/greige-lover-gallery-wall/,bedroom,https://images.desenio.com/zoom/INSP10701_1.jpg
2b26e194-5c36-11ee-a743-b4e529096876,https://desenio.co.uk/g/p/gallery-walls/bedroom/dreamy-olive-green-gallery-wall/,bedroom,https://images.desenio.com/zoom/INSP10693_1.jpg
2b26e195-5c36-11ee-bbfb-b4e529096876,https://desenio.co.uk/g/p/gallery-walls/bedroom/be-calm-with-beige/,bedroom,https://images.desenio.com/zoom/16544-816547-816543-816533-816531-116558-817213-416472-4.jpg
2b26e196-5c36-11ee-a37a-b4e529096876,https://desenio.co.uk/g/p/gallery-walls/bedroom/monochromes-and-beige/,bedroom,https://images.desenio.com/zoom/INSP10672_1.jpg
2b26e197-5c36-11ee-a5aa-b4e529096876,https://desenio.co.uk/g/p/gallery-walls/bedroom/dark-green-getaway/,bedroom,https://images.desenio.com/zoom/11648-512126-416298-415605-515606-816300-88303-516297-8bm.jpg
2b26e198-5c36-11ee-9a3f-b4e529096876,https://desenio.co.uk/g/p/gallery-walls/bedroom/summer-in-the-countryside/,bedroom,https://images.desenio.com/zoom/16388-516391-816394-816392-516387-816427-814459-1pre0097-516407-512620-2.jpg
2b26e199-5c36-11ee-838c-b4e529096876,https://desenio.co.uk/g/p/gallery-walls/bedroom/beige-patterns-and-line-art/,bedroom,https://images.desenio.com/zoom/INSP10659_1.jpg
2b26e19a-5c36-11ee-b778-b4e529096876,https://desenio.co.uk/g/p/gallery-walls/bedroom/calm-abstract-nature/,bedroom,https://images.desenio.com/zoom/INSP10654_1.jpg
2b26e19b-5c36-11ee-88e7-b4e529096876,https://desenio.co.uk/g/p/gallery-walls/bedroom/serene-line-art-beige/,bedroom,https://images.desenio.com/zoom/16301-816295-814459-516472-516296-816299-8.jpg
2b26e19c-5c36-11ee-8f9a-b4e529096876,https://desenio.co.uk/g/p/gallery-walls/bedroom/pink-flowers-and-heels/,bedroom,https://images.desenio.com/zoom/INSP10649_1.jpg
2b26e19d-5c36-11ee-a182-b4e529096876,https://desenio.co.uk/g/p/gallery-walls/bedroom/calm-ocean-breeze/,bedroom,https://images.desenio.com/zoom/13421-816220-516050-816043-513108-4.jpg
2b26e19e-5c36-11ee-8654-b4e529096876,https://desenio.co.uk/g/p/gallery-walls/bedroom/mindful-nature-and-illustrations/,bedroom,https://images.desenio.com/zoom/INSP10653_1.jpg
2b26e19f-5c36-11ee-b0c2-b4e529096876,https://desenio.co.uk/g/p/gallery-walls/bedroom/monochrome-and-beige/,bedroom,https://images.desenio.com/zoom/INSP10646_1.jpg
2b26e1a0-5c36-11ee-9925-b4e529096876,https://desenio.co.uk/g/p/gallery-walls/bedroom/palm-leaf-corner/,bedroom,https://images.desenio.com/zoom/INSP10633_1.jpg
2b26e1a1-5c36-11ee-a38b-b4e529096876,https://desenio.co.uk/g/p/gallery-walls/bedroom/line-art-in-beige/,bedroom,https://images.desenio.com/zoom/13107-615817-513108-816471-416754-4.jpg
2b26e1a2-5c36-11ee-8922-b4e529096876,https://desenio.co.uk/g/p/gallery-walls/bedroom/abstract-shapes-41/,bedroom,https://images.desenio.com/zoom/INSP10583_1.jpg
2b26e1a3-5c36-11ee-9877-b4e529096876,https://desenio.co.uk/g/p/gallery-walls/bedroom/abstract-pastels-2/,bedroom,https://images.desenio.com/zoom/17262-517255-815848-817426-5p.jpg
2b26e1a4-5c36-11ee-8c98-b4e529096876,https://desenio.co.uk/g/p/gallery-walls/bedroom/sketches-and-line-art/,bedroom,https://images.desenio.com/zoom/INSP10537_1.jpg
2b26e1a5-5c36-11ee-a3fb-b4e529096876,https://desenio.co.uk/g/p/gallery-walls/bedroom/waves-and-leaves/,bedroom,https://images.desenio.com/zoom/INSP10529_1.jpg
2b26e1a6-5c36-11ee-885e-b4e529096876,https://desenio.co.uk/g/p/gallery-walls/bedroom/romantic-roses-2/,bedroom,https://images.desenio.com/zoom/INSP10445_1.jpg
2b26e1a7-5c36-11ee-aba6-b4e529096876,https://desenio.co.uk/g/p/gallery-walls/bedroom/sunset-dreamers/,bedroom,https://images.desenio.com/zoom/INSP10427_1.jpg
2b26e1a8-5c36-11ee-9eef-b4e529096876,https://desenio.co.uk/g/p/gallery-walls/bedroom/calm-dreams/,bedroom,https://images.desenio.com/zoom/INSP10391_1.jpg
2b26e1a9-5c36-11ee-b704-b4e529096876,https://desenio.co.uk/g/p/gallery-walls/bedroom/dreaming-in-paradise/,bedroom,https://images.desenio.com/zoom/INSP10374_1.jpg
2b26e1aa-5c36-11ee-9753-b4e529096876,https://desenio.co.uk/g/p/gallery-walls/bedroom/abstract-and-botanical/,bedroom,https://images.desenio.com/zoom/16754-514385-816099-8.jpg
2b26e1ab-5c36-11ee-aec4-b4e529096876,https://desenio.co.uk/g/p/gallery-walls/bedroom/underwater-graphical-illustrations/,bedroom,https://images.desenio.com/zoom/INSP10236_1.jpg
2b2709bb-5c36-11ee-841b-b4e529096876,https://desenio.co.uk/g/p/gallery-walls/moominvalley-friends-gallery-wall/,moominvalley-friends-gallery-wall,https://images.desenio.com/zoom/INSP10215_1.jpg
2b2709bc-5c36-11ee-af2b-b4e529096876,https://desenio.co.uk/g/p/gallery-walls/dark-blue-and-golden-photo-art-in-bedroom/,dark-blue-and-golden-photo-art-in-bedroom,https://images.desenio.com/zoom/INSP10174_1.jpg
2b2709bd-5c36-11ee-aa99-b4e529096876,https://desenio.co.uk/g/p/gallery-walls/beige-photo-art-in-bedroom/,beige-photo-art-in-bedroom,https://images.desenio.com/zoom/INSP10147_1.jpg
2b2709be-5c36-11ee-8bcc-b4e529096876,https://desenio.co.uk/g/p/gallery-walls/black-and-white-posters-in-modern-bedroom/,black-and-white-posters-in-modern-bedroom,https://images.desenio.com/zoom/INSP10035_1.jpg
2b2709bf-5c36-11ee-8ea3-b4e529096876,https://desenio.co.uk/g/p/gallery-walls/trendy-combination-of-matching-botanical-posters/,trendy-combination-of-matching-botanical-posters,https://images.desenio.com/zoom/16754-816753-811507-811509-8.jpg
2b2709c0-5c36-11ee-8730-b4e529096876,https://desenio.co.uk/g/p/gallery-walls/chic-pair-of-black-and-white-photo-posters/,chic-pair-of-black-and-white-photo-posters,https://images.desenio.com/zoom/INSP9654_1.jpg
2b2709c1-5c36-11ee-8850-b4e529096876,https://desenio.co.uk/g/p/gallery-walls/black-and-white-animal-posters-inspiration-safari-posters/,black-and-white-animal-posters-inspiration-safari-posters,https://images.desenio.com/zoom/INSP9457_1.jpg
2b2709c2-5c36-11ee-9c5e-b4e529096876,https://desenio.co.uk/g/p/gallery-walls/botanical-decor-inspiration-with-cheese-plant-leaves/,botanical-decor-inspiration-with-cheese-plant-leaves,https://images.desenio.com/zoom/INSP9449_1.jpg
2b2709c3-5c36-11ee-8772-b4e529096876,https://desenio.co.uk/g/p/gallery-walls/posters-of-beach-designs/,posters-of-beach-designs,https://images.desenio.com/zoom/INSP9418_1.jpg
2b2709c4-5c36-11ee-b419-b4e529096876,https://desenio.co.uk/g/p/gallery-walls/romantic-style-bedroom-with-pale-pink-tones-and-minimalist-posters/,romantic-style-bedroom-with-pale-pink-tones-and-minimalist-posters,https://images.desenio.com/zoom/INSP8865_1.jpg
2b2709c5-5c36-11ee-9c72-b4e529096876,https://desenio.co.uk/g/p/gallery-walls/picture-collage-with-black-and-white-pictures-oak-frames/,picture-collage-with-black-and-white-pictures-oak-frames,https://images.desenio.com/zoom/3394-510203-43802-82472-5.jpg
