,uuid,img_url,Title
0,48f27f10-5c43-11ee-9b0f-7b4c35a6fc5c,https://www.interiorzine.com/wp-content/uploads/2020/06/minimalist-bedroom-decor-interiorzine-1.jpg,62 Minimalist Bedroom Ideas That Are Anything But Boring
1,48f27f11-5c43-11ee-9b0f-7b4c35a6fc5c,https://www.interiorzine.com/wp-content/uploads/2020/06/organic-materials-minimalist-bedroom-5.jpg,62 Minimalist Bedroom Ideas That Are Anything But Boring
2,48f27f12-5c43-11ee-9b0f-7b4c35a6fc5c,https://www.interiorzine.com/wp-content/uploads/2020/06/organic-materials-minimalist-bedroom-6.jpg,62 Minimalist Bedroom Ideas That Are Anything But Boring
3,48f27f13-5c43-11ee-9b0f-7b4c35a6fc5c,https://www.interiorzine.com/wp-content/uploads/2020/06/minimalist-style-bedroom-decor-interiorzine-1.jpg,62 Minimalist Bedroom Ideas That Are Anything But Boring
4,48f27f14-5c43-11ee-9b0f-7b4c35a6fc5c,https://www.interiorzine.com/wp-content/uploads/2020/06/minimalist-style-bedroom-decor-interiorzine-2.jpg,62 Minimalist Bedroom Ideas That Are Anything But Boring
5,48f27f15-5c43-11ee-9b0f-7b4c35a6fc5c,https://www.interiorzine.com/wp-content/uploads/2020/06/boho-organic-materials-minimalist-bedroom-3.jpg,62 Minimalist Bedroom Ideas That Are Anything But Boring
6,48f27f16-5c43-11ee-9b0f-7b4c35a6fc5c,https://www.interiorzine.com/wp-content/uploads/2020/06/boho-organic-materials-minimalist-bedroom-1.jpg,62 Minimalist Bedroom Ideas That Are Anything But Boring
7,48f27f17-5c43-11ee-9b0f-7b4c35a6fc5c,https://www.interiorzine.com/wp-content/uploads/2020/06/boho-minimalist-bedroom-decor-8.jpg,62 Minimalist Bedroom Ideas That Are Anything But Boring
8,48f27f18-5c43-11ee-9b0f-7b4c35a6fc5c,https://www.interiorzine.com/wp-content/uploads/2020/06/boho-organic-materials-minimalist-bedroom-2.jpg,62 Minimalist Bedroom Ideas That Are Anything But Boring
9,48f27f19-5c43-11ee-9b0f-7b4c35a6fc5c,https://www.interiorzine.com/wp-content/uploads/2020/06/boho-minimalist-bedroom-decor-4.jpg,62 Minimalist Bedroom Ideas That Are Anything But Boring
10,48f27f1a-5c43-11ee-9b0f-7b4c35a6fc5c,https://www.interiorzine.com/wp-content/uploads/2020/06/boho-minimalist-bedroom-decor-3.jpg,62 Minimalist Bedroom Ideas That Are Anything But Boring
11,48f27f1b-5c43-11ee-9b0f-7b4c35a6fc5c,https://www.interiorzine.com/wp-content/uploads/2020/06/vivid-bohemian-style-minimalist-bedroom-1.jpg,62 Minimalist Bedroom Ideas That Are Anything But Boring
12,48f27f1c-5c43-11ee-9b0f-7b4c35a6fc5c,https://www.interiorzine.com/wp-content/uploads/2020/06/modern-serenity-all-white-palette-bedroom-1.jpg,62 Minimalist Bedroom Ideas That Are Anything But Boring
13,48f27f1d-5c43-11ee-9b0f-7b4c35a6fc5c,https://www.interiorzine.com/wp-content/uploads/2020/06/minimal-all-white-bedroom-decor-2.jpg,62 Minimalist Bedroom Ideas That Are Anything But Boring
14,48f27f1e-5c43-11ee-9b0f-7b4c35a6fc5c,https://www.interiorzine.com/wp-content/uploads/2020/06/relaxing-chill-out-bedroom-space-2.jpg,62 Minimalist Bedroom Ideas That Are Anything But Boring
15,48f27f1f-5c43-11ee-9b0f-7b4c35a6fc5c,https://www.interiorzine.com/wp-content/uploads/2020/06/monochrome-bedroom-decor-17.jpg,62 Minimalist Bedroom Ideas That Are Anything But Boring
16,48f27f20-5c43-11ee-9b0f-7b4c35a6fc5c,https://www.interiorzine.com/wp-content/uploads/2020/06/modern-serenity-all-white-palette-bedroom-9.jpg,62 Minimalist Bedroom Ideas That Are Anything But Boring
17,48f27f21-5c43-11ee-9b0f-7b4c35a6fc5c,https://www.interiorzine.com/wp-content/uploads/2020/06/modern-serenity-all-white-palette-bedroom-8.jpg,62 Minimalist Bedroom Ideas That Are Anything But Boring
18,48f27f22-5c43-11ee-9b0f-7b4c35a6fc5c,https://www.interiorzine.com/wp-content/uploads/2020/06/pastel-color-minimalist-bedroom-decor-2.jpg,62 Minimalist Bedroom Ideas That Are Anything But Boring
19,48f27f23-5c43-11ee-9b0f-7b4c35a6fc5c,https://www.interiorzine.com/wp-content/uploads/2020/06/pastel-color-minimalist-bedroom-decor-1.jpg,62 Minimalist Bedroom Ideas That Are Anything But Boring
20,48f27f24-5c43-11ee-9b0f-7b4c35a6fc5c,https://www.interiorzine.com/wp-content/uploads/2020/06/colorful-modern-minimalist-bedroom-decor-2.jpg,62 Minimalist Bedroom Ideas That Are Anything But Boring
21,48f27f25-5c43-11ee-9b0f-7b4c35a6fc5c,https://www.interiorzine.com/wp-content/uploads/2020/06/colorful-modern-minimalist-bedroom-decor-3.jpg,62 Minimalist Bedroom Ideas That Are Anything But Boring
22,48f27f26-5c43-11ee-9b0f-7b4c35a6fc5c,https://www.interiorzine.com/wp-content/uploads/2020/06/colorful-bedroom-decor-wall-4.jpg,62 Minimalist Bedroom Ideas That Are Anything But Boring
23,48f27f27-5c43-11ee-9b0f-7b4c35a6fc5c,https://www.interiorzine.com/wp-content/uploads/2020/06/pastel-color-minimalist-bedroom-decor-5.jpg,62 Minimalist Bedroom Ideas That Are Anything But Boring
24,48f27f28-5c43-11ee-9b0f-7b4c35a6fc5c,https://www.interiorzine.com/wp-content/uploads/2020/06/colorful-bedroom-decor-wall-9.jpg,62 Minimalist Bedroom Ideas That Are Anything But Boring
25,48f27f29-5c43-11ee-9b0f-7b4c35a6fc5c,https://www.interiorzine.com/wp-content/uploads/2020/06/colorful-modern-minimalist-bedroom-decor-4.jpg,62 Minimalist Bedroom Ideas That Are Anything But Boring
26,48f27f2a-5c43-11ee-9b0f-7b4c35a6fc5c,https://www.interiorzine.com/wp-content/uploads/2020/05/minimalist-monochrome-bedroom-decor.jpg,62 Minimalist Bedroom Ideas That Are Anything But Boring
27,48f27f2b-5c43-11ee-9b0f-7b4c35a6fc5c,https://www.interiorzine.com/wp-content/uploads/2020/05/monochrome-bedroom-decor-2.jpg,62 Minimalist Bedroom Ideas That Are Anything But Boring
28,48f27f2c-5c43-11ee-9b0f-7b4c35a6fc5c,https://www.interiorzine.com/wp-content/uploads/2020/05/minimalist-monochrome-bedroom-decor-2.jpg,62 Minimalist Bedroom Ideas That Are Anything But Boring
29,48f27f2d-5c43-11ee-9b0f-7b4c35a6fc5c,https://www.interiorzine.com/wp-content/uploads/2020/05/minimalist-monochrome-bedroom-decor-project-studio-toota.jpg,62 Minimalist Bedroom Ideas That Are Anything But Boring
30,48f27f2e-5c43-11ee-9b0f-7b4c35a6fc5c,https://www.interiorzine.com/wp-content/uploads/2020/05/stylish-monochrome-minimalist-bedroom-2.jpg,62 Minimalist Bedroom Ideas That Are Anything But Boring
31,48f27f2f-5c43-11ee-9b0f-7b4c35a6fc5c,https://www.interiorzine.com/wp-content/uploads/2020/05/stylish-monochrome-minimalist-bedroom-1.jpg,62 Minimalist Bedroom Ideas That Are Anything But Boring
32,48f27f30-5c43-11ee-9b0f-7b4c35a6fc5c,https://www.interiorzine.com/wp-content/uploads/2020/05/monochrome-bedroom-decor-3.jpg,62 Minimalist Bedroom Ideas That Are Anything But Boring
33,48f27f31-5c43-11ee-9b0f-7b4c35a6fc5c,https://www.interiorzine.com/wp-content/uploads/2020/05/monochrome-bedroom-decor-5.jpg,62 Minimalist Bedroom Ideas That Are Anything But Boring
34,48f27f32-5c43-11ee-9b0f-7b4c35a6fc5c,https://www.interiorzine.com/wp-content/uploads/2020/05/monochrome-bedroom-decor.jpg,62 Minimalist Bedroom Ideas That Are Anything But Boring
35,48f27f33-5c43-11ee-9b0f-7b4c35a6fc5c,https://www.interiorzine.com/wp-content/uploads/2020/05/wood-panels-cozy-minimalist-bedroom-2.jpg,62 Minimalist Bedroom Ideas That Are Anything But Boring
36,48f27f34-5c43-11ee-9b0f-7b4c35a6fc5c,https://www.interiorzine.com/wp-content/uploads/2020/05/wood-panels-cozy-minimalist-bedroom-1.jpg,62 Minimalist Bedroom Ideas That Are Anything But Boring
37,48f27f35-5c43-11ee-9b0f-7b4c35a6fc5c,https://www.interiorzine.com/wp-content/uploads/2020/05/stylish-bedroom-wood-clad-walls-3.jpg,62 Minimalist Bedroom Ideas That Are Anything But Boring
38,48f27f36-5c43-11ee-9b0f-7b4c35a6fc5c,https://www.interiorzine.com/wp-content/uploads/2020/05/minimalist-bedroom-wooden-panels-8.jpg,62 Minimalist Bedroom Ideas That Are Anything But Boring
39,48f27f37-5c43-11ee-9b0f-7b4c35a6fc5c,https://www.interiorzine.com/wp-content/uploads/2020/05/minimalist-bedroom-wooden-panels-2.jpg,62 Minimalist Bedroom Ideas That Are Anything But Boring
40,48f27f38-5c43-11ee-9b0f-7b4c35a6fc5c,https://www.interiorzine.com/wp-content/uploads/2020/05/modern-minimalism-bedroom-clad-walls-1.jpg,62 Minimalist Bedroom Ideas That Are Anything But Boring
41,48f27f39-5c43-11ee-9b0f-7b4c35a6fc5c,https://www.interiorzine.com/wp-content/uploads/2020/05/modern-minimalism-bedroom-clad-walls-2.jpg,62 Minimalist Bedroom Ideas That Are Anything But Boring
42,48f27f3a-5c43-11ee-9b0f-7b4c35a6fc5c,https://www.interiorzine.com/wp-content/uploads/2020/05/wood-panel-bedroom-ceiling-1.jpg,62 Minimalist Bedroom Ideas That Are Anything But Boring
43,48f27f3b-5c43-11ee-9b0f-7b4c35a6fc5c,https://www.interiorzine.com/wp-content/uploads/2020/05/wooden-cladding-minimalist-bedroom-3.jpg,62 Minimalist Bedroom Ideas That Are Anything But Boring
44,48f27f3c-5c43-11ee-9b0f-7b4c35a6fc5c,https://www.interiorzine.com/wp-content/uploads/2020/05/wooden-cladding-minimalist-bedroom-2.jpg,62 Minimalist Bedroom Ideas That Are Anything But Boring
45,48f27f3d-5c43-11ee-9b0f-7b4c35a6fc5c,https://www.interiorzine.com/wp-content/uploads/2020/05/wooden-cladding-minimalist-bedroom-1.jpg,62 Minimalist Bedroom Ideas That Are Anything But Boring
46,48f27f3e-5c43-11ee-9b0f-7b4c35a6fc5c,https://www.interiorzine.com/wp-content/uploads/2020/05/wood-panel-bedroom-ceiling-2.jpg,62 Minimalist Bedroom Ideas That Are Anything But Boring
47,48f27f3f-5c43-11ee-9b0f-7b4c35a6fc5c,https://www.interiorzine.com/wp-content/uploads/2020/05/minimalist-home-canopy-bed-4.jpg,62 Minimalist Bedroom Ideas That Are Anything But Boring
48,48f27f40-5c43-11ee-9b0f-7b4c35a6fc5c,https://www.interiorzine.com/wp-content/uploads/2020/05/minimalist-silhouette-canopy-bed-2.jpg,62 Minimalist Bedroom Ideas That Are Anything But Boring
49,48f27f41-5c43-11ee-9b0f-7b4c35a6fc5c,https://www.interiorzine.com/wp-content/uploads/2020/05/minimalist-home-canopy-bed-1.jpg,62 Minimalist Bedroom Ideas That Are Anything But Boring
50,48f27f42-5c43-11ee-9b0f-7b4c35a6fc5c,https://www.interiorzine.com/wp-content/uploads/2020/05/minimalist-home-canopy-bed-2.jpg,62 Minimalist Bedroom Ideas That Are Anything But Boring
51,48f27f43-5c43-11ee-9b0f-7b4c35a6fc5c,https://www.interiorzine.com/wp-content/uploads/2020/05/minimalist-silhouette-canopy-bed-1.jpg,62 Minimalist Bedroom Ideas That Are Anything But Boring
52,48f27f44-5c43-11ee-9b0f-7b4c35a6fc5c,https://www.interiorzine.com/wp-content/uploads/2020/05/minimalist-bedroom-design-small-room-1.jpg,62 Minimalist Bedroom Ideas That Are Anything But Boring
53,48f27f45-5c43-11ee-9b0f-7b4c35a6fc5c,https://www.interiorzine.com/wp-content/uploads/2020/05/modern-minimalist-bedroom-platform-storage-bed-3.jpg,62 Minimalist Bedroom Ideas That Are Anything But Boring
54,48f27f46-5c43-11ee-9b0f-7b4c35a6fc5c,https://www.interiorzine.com/wp-content/uploads/2020/05/platform-storage-bed-design-small-room-1.jpg,62 Minimalist Bedroom Ideas That Are Anything But Boring
55,48f27f47-5c43-11ee-9b0f-7b4c35a6fc5c,https://www.interiorzine.com/wp-content/uploads/2020/05/platform-storage-bed-design-small-room-2.jpg,62 Minimalist Bedroom Ideas That Are Anything But Boring
56,48f27f48-5c43-11ee-9b0f-7b4c35a6fc5c,https://www.interiorzine.com/wp-content/uploads/2020/05/hong-kong-apartment-mnb-design-studio-1.jpg,62 Minimalist Bedroom Ideas That Are Anything But Boring
57,48f27f49-5c43-11ee-9b0f-7b4c35a6fc5c,https://www.interiorzine.com/wp-content/uploads/2020/05/minimalist-bedroom-design-small-room.jpg,62 Minimalist Bedroom Ideas That Are Anything But Boring
58,48f27f4a-5c43-11ee-9b0f-7b4c35a6fc5c,https://www.interiorzine.com/wp-content/uploads/2020/05/beautiful-design-solution-small-bedroom-manuel-garcia.jpg,62 Minimalist Bedroom Ideas That Are Anything But Boring
59,48f27f4b-5c43-11ee-9b0f-7b4c35a6fc5c,https://www.interiorzine.com/wp-content/uploads/2020/05/modern-minimalist-bedroom-platform-storage-bed-7.jpg,62 Minimalist Bedroom Ideas That Are Anything But Boring
60,48f27f4c-5c43-11ee-9b0f-7b4c35a6fc5c,https://www.interiorzine.com/wp-content/uploads/2020/05/minimalist-bedroom-design-small-room-3.jpg,62 Minimalist Bedroom Ideas That Are Anything But Boring
61,48f27f4d-5c43-11ee-9b0f-7b4c35a6fc5c,https://www.interiorzine.com/wp-content/uploads/2020/05/design-solution-small-bedroom.jpg,62 Minimalist Bedroom Ideas That Are Anything But Boring
