id,card_link,title,img_url

65c5f155-4be3-11ee-939a-ec764e5b926a,https://www.marlofurniture.com/cdn/shop/products/B553-31-36-46-78-76-79-93_4768ccef-0bdb-48c2-8bcc-8478dfe6b7cb_large.jpg?v=1660334992,"
            North Shore Dark Brown King Sleigh Bedroom Set
          ",https://www.marlofurniture.com/cdn/shop/products/B553-31-36-46-78-76-79-93_4768ccef-0bdb-48c2-8bcc-8478dfe6b7cb_large.jpg?v=1660334992

65c5f156-4be3-11ee-9c15-ec764e5b926a,https://www.marlofurniture.com/cdn/shop/products/AFB553_NorthShoreSleighBedroomSet1_large.gif?v=1649090395,"
            North Shore Queen Sleigh Bed with Dresser &amp; Mirror &amp; 2 Nightstands
          ",https://www.marlofurniture.com/cdn/shop/products/AFB553_NorthShoreSleighBedroomSet1_large.gif?v=1649090395

65c5f157-4be3-11ee-9dcc-ec764e5b926a,https://www.marlofurniture.com/cdn/shop/products/jpg__02608.1580248860_large.jpg?v=1648844569,"
            North Shore King Poster Bed with Dresser &amp; Mirror
          ",https://www.marlofurniture.com/cdn/shop/products/jpg__02608.1580248860_large.jpg?v=1648844569

65c5f158-4be3-11ee-b5cb-ec764e5b926a,https://www.marlofurniture.com/cdn/shop/products/B672-31-36-46-58-56-97-93_0a7e2958-006b-4b37-88d2-a4cae781f8ef_large.jpg?v=1648892927,"
            Prentice King Bed with Dresser Mirror Chest &amp; 2 Nightstands
          ",https://www.marlofurniture.com/cdn/shop/products/B672-31-36-46-58-56-97-93_0a7e2958-006b-4b37-88d2-a4cae781f8ef_large.jpg?v=1648892927

65c5f159-4be3-11ee-af90-ec764e5b926a,https://www.marlofurniture.com/cdn/shop/products/B672-31-36-46-58-56-97-93_d2b6da73-6af3-473a-9390-5e24a2e08545_large.jpg?v=1648892924,"
            Prentice Queen Bed with Dresser Mirror Chest &amp; 2 Nightstands
          ",https://www.marlofurniture.com/cdn/shop/products/B672-31-36-46-58-56-97-93_d2b6da73-6af3-473a-9390-5e24a2e08545_large.jpg?v=1648892924

65c5f15a-4be3-11ee-9524-ec764e5b926a,https://www.marlofurniture.com/cdn/shop/products/jpg__48174__30612__46563.1602725036_large.jpg?v=1648842276,"
            Sommerford King Bed with Dresser Mirror &amp; 2 Nightstand
          ",https://www.marlofurniture.com/cdn/shop/products/jpg__48174__30612__46563.1602725036_large.jpg?v=1648842276

65c5f15b-4be3-11ee-aeb7-ec764e5b926a,https://www.marlofurniture.com/cdn/shop/products/56443729-0085-41fb-805b-0e06c072f00d_b8513608-6d88-489b-abe3-658650ef4ef9_large.jpg?v=1660335612,"
            Sommerford King Bed w/ Dresser Mirror &amp; Nightstand
          ",https://www.marlofurniture.com/cdn/shop/products/56443729-0085-41fb-805b-0e06c072f00d_b8513608-6d88-489b-abe3-658650ef4ef9_large.jpg?v=1660335612

65c5f15c-4be3-11ee-9326-ec764e5b926a,https://www.marlofurniture.com/cdn/shop/products/jpg__48174__30612__46563.1602725036_b099ed27-9903-4dbe-a8e3-e76f76d13c19_large.jpg?v=1648842587,"
            Sommerford King Bed with Dresser Mirror &amp; Nightstand
          ",https://www.marlofurniture.com/cdn/shop/products/jpg__48174__30612__46563.1602725036_b099ed27-9903-4dbe-a8e3-e76f76d13c19_large.jpg?v=1648842587

65c5f15d-4be3-11ee-b9b9-ec764e5b926a,https://www.marlofurniture.com/cdn/shop/products/3404f40c-808a-43b5-b955-bebdf87e03ea_large.jpg?v=1660335146,"
            Porter King Panel Bed Dresser Mirror Chest and Nightstnad
          ",https://www.marlofurniture.com/cdn/shop/products/3404f40c-808a-43b5-b955-bebdf87e03ea_large.jpg?v=1660335146

65c5f15e-4be3-11ee-b2fc-ec764e5b926a,https://www.marlofurniture.com/cdn/shop/products/56443729-0085-41fb-805b-0e06c072f00d_a0a5998d-977b-4a82-85ec-008ee71423eb_large.jpg?v=1660335618,"
            Sommerford Queen Bed w/ Dresser Mirror &amp; Nightstand
          ",https://www.marlofurniture.com/cdn/shop/products/56443729-0085-41fb-805b-0e06c072f00d_a0a5998d-977b-4a82-85ec-008ee71423eb_large.jpg?v=1660335618

65c5f15f-4be3-11ee-81ef-ec764e5b926a,https://www.marlofurniture.com/cdn/shop/products/jpg__16541.1560794219_large.jpg?v=1648840016,"
            Sommerford Queen Bed with Dresser Mirror &amp; Nightstand
          ",https://www.marlofurniture.com/cdn/shop/products/jpg__16541.1560794219_large.jpg?v=1648840016

65c5f160-4be3-11ee-8ce1-ec764e5b926a,https://www.marlofurniture.com/cdn/shop/products/jpg__02693.1563942344_large.jpg?v=1648844009,"
            Flynnter King Bed with Dresser Mirror &amp; 2 Nightstands
          ",https://www.marlofurniture.com/cdn/shop/products/jpg__02693.1563942344_large.jpg?v=1648844009

65c5f161-4be3-11ee-927e-ec764e5b926a,https://www.marlofurniture.com/cdn/shop/products/e0c9f99a-ecae-416b-ae6b-3dd37a59af8d__73078.1635869874_large.jpg?v=1648844613,"
            Flynnter King Storage Bed with Dresser Mirror and Nightstand
          ",https://www.marlofurniture.com/cdn/shop/products/e0c9f99a-ecae-416b-ae6b-3dd37a59af8d__73078.1635869874_large.jpg?v=1648844613

65c5f162-4be3-11ee-ae47-ec764e5b926a,https://www.marlofurniture.com/cdn/shop/products/image_4b735c69-be43-409c-8b59-e4ea54402256_large.jpg?v=1660333215,"
            Charmond Brown Dresser  Mirror &amp; King Sleigh Bed and Nightstand
          ",https://www.marlofurniture.com/cdn/shop/products/image_4b735c69-be43-409c-8b59-e4ea54402256_large.jpg?v=1660333215

65c5f163-4be3-11ee-9360-ec764e5b926a,https://www.marlofurniture.com/cdn/shop/products/B553-31-36-49-78-76-79-93_large.jpg?v=1648844665,"
            North Shore Queen Sleigh Bed with Dresser &amp; Mirror
          ",https://www.marlofurniture.com/cdn/shop/products/B553-31-36-49-78-76-79-93_large.jpg?v=1648844665

65c5f164-4be3-11ee-90e6-ec764e5b926a,https://www.marlofurniture.com/cdn/shop/products/image_fd24fe9a-91ee-42b1-87f9-c1885a6e18fc_large.jpg?v=1660333223,"
            Charmond Brown Queen Bed w/Dresser  Mirror and Nightstand
          ",https://www.marlofurniture.com/cdn/shop/products/image_fd24fe9a-91ee-42b1-87f9-c1885a6e18fc_large.jpg?v=1660333223

65c5f165-4be3-11ee-b334-ec764e5b926a,https://www.marlofurniture.com/cdn/shop/products/jpg__97319.1580249397_large.jpg?v=1648844184,"
            Bolanburg Antique White King Bed with Dresser Mirror &amp; 2 Nightstand
          ",https://www.marlofurniture.com/cdn/shop/products/jpg__97319.1580249397_large.jpg?v=1648844184

65c5f166-4be3-11ee-a2d8-ec764e5b926a,https://www.marlofurniture.com/cdn/shop/products/b553-158-pnl-br-set-1_large.jpg?v=1648844726,"
            North Shore Queen Panel Bed with Dresser &amp; Mirror
          ",https://www.marlofurniture.com/cdn/shop/products/b553-158-pnl-br-set-1_large.jpg?v=1648844726

65c5f167-4be3-11ee-aae2-ec764e5b926a,https://www.marlofurniture.com/cdn/shop/products/B672-31-36-46-58-56-97-93_d48aeaf2-716c-4e79-a041-a88a49e1a3c8_large.jpg?v=1648767547,"
            Prentice Queen Bed with Dresser Mirror &amp; 2 Nightstands
          ",https://www.marlofurniture.com/cdn/shop/products/B672-31-36-46-58-56-97-93_d48aeaf2-716c-4e79-a041-a88a49e1a3c8_large.jpg?v=1648767547

65c5f168-4be3-11ee-804f-ec764e5b926a,https://www.marlofurniture.com/cdn/shop/products/B672-31-36-46-58-56-97-93_f02a9501-9394-48e5-bcbe-fa9d374cfa1b_large.jpg?v=1648767546,"
            Prentice Queen Storage Bed with Dresser Mirror &amp; Nightstand
          ",https://www.marlofurniture.com/cdn/shop/products/B672-31-36-46-58-56-97-93_f02a9501-9394-48e5-bcbe-fa9d374cfa1b_large.jpg?v=1648767546

65c5f169-4be3-11ee-96f3-ec764e5b926a,https://www.marlofurniture.com/cdn/shop/products/B733-31-36-46-78-76-99-92_large.jpg?v=1557765028,"
            Lettner Light Gray King Storage Bed Set
          ",https://www.marlofurniture.com/cdn/shop/products/B733-31-36-46-78-76-99-92_large.jpg?v=1557765028

65c5f16a-4be3-11ee-a772-ec764e5b926a,https://www.marlofurniture.com/cdn/shop/products/download_2_5f4dabac-9e1e-4004-ad23-fbda5f3420d6_large.jpg?v=1648844275,"
            Ralene King Bed with Dresser Mirror &amp; 2 Nightstand
          ",https://www.marlofurniture.com/cdn/shop/products/download_2_5f4dabac-9e1e-4004-ad23-fbda5f3420d6_large.jpg?v=1648844275

65c5f16b-4be3-11ee-90fb-ec764e5b926a,https://www.marlofurniture.com/cdn/shop/products/dea6e86b-8976-41de-8f0e-44163a37069c_8c190def-87ab-4875-8a31-c8368e88f53e_large.jpg?v=1660335160,"
            Porter Queen Bed w/ Dresser Mirror &amp; Nightstand
          ",https://www.marlofurniture.com/cdn/shop/products/dea6e86b-8976-41de-8f0e-44163a37069c_8c190def-87ab-4875-8a31-c8368e88f53e_large.jpg?v=1660335160

65c5f16c-4be3-11ee-88bd-ec764e5b926a,https://www.marlofurniture.com/cdn/shop/products/B733-31-36-46-78-76-99-92_86f3fd10-fdee-41c0-963a-2bde097f8a10_large.jpg?v=1557765031,"
            Lettner Light Gray Queen Storage Bed Set
          ",https://www.marlofurniture.com/cdn/shop/products/B733-31-36-46-78-76-99-92_86f3fd10-fdee-41c0-963a-2bde097f8a10_large.jpg?v=1557765031

65c5f16d-4be3-11ee-a877-ec764e5b926a,https://www.marlofurniture.com/cdn/shop/products/image_b81d7e3d-c1ed-480a-9d3d-d16b79d02039_large.jpg?v=1660333217,"
            Charmond Brown Dresser  Mirror &amp; King Sleigh Bed
          ",https://www.marlofurniture.com/cdn/shop/products/image_b81d7e3d-c1ed-480a-9d3d-d16b79d02039_large.jpg?v=1660333217

65c5f16e-4be3-11ee-aefe-ec764e5b926a,https://www.marlofurniture.com/cdn/shop/products/8d8a579c-3562-4615-9a8e-1f5db51586f3_fdb7e78a-02ec-48af-a48f-418a73829410_large.jpg?v=1660332644,"
            Bolanburg Antique White King Louvered Bed w/ Dresser Mirror &amp; Nightstand
          ",https://www.marlofurniture.com/cdn/shop/products/8d8a579c-3562-4615-9a8e-1f5db51586f3_fdb7e78a-02ec-48af-a48f-418a73829410_large.jpg?v=1660332644

65c5f16f-4be3-11ee-ba48-ec764e5b926a,https://www.marlofurniture.com/cdn/shop/products/image_adaef79e-c5cc-4120-8cb1-0a520e579575_large.jpg?v=1660333221,"
            Charmond Brown Queen Bed w/Dreser and Mirror
          ",https://www.marlofurniture.com/cdn/shop/products/image_adaef79e-c5cc-4120-8cb1-0a520e579575_large.jpg?v=1660333221

65c5f170-4be3-11ee-81ca-ec764e5b926a,https://www.marlofurniture.com/cdn/shop/products/B647-131-36-146-58-56-97-191-Q278_large.jpg?v=1568128154,"
            Bolanburg Antique White King Panel Bed Set
          ",https://www.marlofurniture.com/cdn/shop/products/B647-131-36-146-58-56-97-191-Q278_large.jpg?v=1568128154

65c5f171-4be3-11ee-ba59-ec764e5b926a,https://www.marlofurniture.com/cdn/shop/products/caitbrook-gray-queen-storage-panel-bed_qb1250134_25_c59c83fb-c98e-4fb5-9037-6e3f53ae9b05_large.jpg?v=1648844358,"
            Caitbrook Gray King Bed with Dresser Mirror &amp; Nightstand
          ",https://www.marlofurniture.com/cdn/shop/products/caitbrook-gray-queen-storage-panel-bed_qb1250134_25_c59c83fb-c98e-4fb5-9037-6e3f53ae9b05_large.jpg?v=1648844358

65c5f172-4be3-11ee-9f33-ec764e5b926a,https://www.marlofurniture.com/cdn/shop/products/78ed734d-01e2-4c55-9ab1-47dc1a00435f_0231c9f7-726b-4ef4-813b-a45538b9e04c_large.jpg?v=1660332489,"
            Baylow Black King Bed w/ Dresser Mirror &amp; Nightstand
          ",https://www.marlofurniture.com/cdn/shop/products/78ed734d-01e2-4c55-9ab1-47dc1a00435f_0231c9f7-726b-4ef4-813b-a45538b9e04c_large.jpg?v=1660332489

65c6181d-4be3-11ee-96dc-ec764e5b926a,https://www.marlofurniture.com/cdn/shop/products/B814-31-36-46-51S-72-99-91_30342d95-23cc-452d-9f7b-e414fe8ce580_large.jpg?v=1660334055,"
            HavalanceTwo-tone Queen Bed w/ Dresser Mirror &amp; Night Stand
          ",https://www.marlofurniture.com/cdn/shop/products/B814-31-36-46-51S-72-99-91_30342d95-23cc-452d-9f7b-e414fe8ce580_large.jpg?v=1660334055

65c6181e-4be3-11ee-aeee-ec764e5b926a,https://www.marlofurniture.com/cdn/shop/products/8eb896ba-e5b9-4cf3-9434-c363aaaa0e53_501ca724-90f5-4752-96ce-ac0dee16d53e_large.jpg?v=1660335180,"
            Prentice King Panel Bed w/ Dresser Mirror &amp; Nightstand
          ",https://www.marlofurniture.com/cdn/shop/products/8eb896ba-e5b9-4cf3-9434-c363aaaa0e53_501ca724-90f5-4752-96ce-ac0dee16d53e_large.jpg?v=1660335180

65c6181f-4be3-11ee-aec0-ec764e5b926a,https://www.marlofurniture.com/cdn/shop/products/4edb41c3-2364-4b05-a153-03cd1c0f4edd_4831a974-5043-4334-ac32-b8e4a7827420_large.jpg?v=1660335332,"
            RealynTwo-tone King Bed w/ Dresser Mirror &amp; Nightstand
          ",https://www.marlofurniture.com/cdn/shop/products/4edb41c3-2364-4b05-a153-03cd1c0f4edd_4831a974-5043-4334-ac32-b8e4a7827420_large.jpg?v=1660335332

65c61820-4be3-11ee-ab3b-ec764e5b926a,https://www.marlofurniture.com/cdn/shop/products/B672-31-36-46-58-56-97-93_70ae8302-12dd-4209-881d-84cd78b943be_large.jpg?v=1648767552,"
            Prentice King Panel Bed with Dresser Mirror &amp; Nightstand
          ",https://www.marlofurniture.com/cdn/shop/products/B672-31-36-46-58-56-97-93_70ae8302-12dd-4209-881d-84cd78b943be_large.jpg?v=1648767552

65c61821-4be3-11ee-8096-ec764e5b926a,https://www.marlofurniture.com/cdn/shop/products/8d8a579c-3562-4615-9a8e-1f5db51586f3_43c55082-87c6-4fb3-ad0c-81ae9f1cbca7_large.jpg?v=1660332649,"
            Bolanburg Antique White Queen Louvered Bed w/ Dresser Mirror &amp; Nightstand
          ",https://www.marlofurniture.com/cdn/shop/products/8d8a579c-3562-4615-9a8e-1f5db51586f3_43c55082-87c6-4fb3-ad0c-81ae9f1cbca7_large.jpg?v=1660332649

65c61822-4be3-11ee-9883-ec764e5b926a,https://www.marlofurniture.com/cdn/shop/products/B647-131-36-146-58-56-97-191-Q278_a06091bc-1ee9-4ad3-8374-fb5f5f559e29_large.jpg?v=1568128170,"
            Bolanburg Antique White Queen Panel Bed Set
          ",https://www.marlofurniture.com/cdn/shop/products/B647-131-36-146-58-56-97-191-Q278_a06091bc-1ee9-4ad3-8374-fb5f5f559e29_large.jpg?v=1568128170

65c61823-4be3-11ee-942b-ec764e5b926a,https://www.marlofurniture.com/cdn/shop/products/caitbrook-gray-queen-storage-panel-bed_qb1250134_25_large.jpg?v=1648840611,"
            Caitbrook Gray Queen Bed with Dresser Mirror &amp; Nightstand
          ",https://www.marlofurniture.com/cdn/shop/products/caitbrook-gray-queen-storage-panel-bed_qb1250134_25_large.jpg?v=1648840611

65c61824-4be3-11ee-884f-ec764e5b926a,https://www.marlofurniture.com/cdn/shop/products/64313779-3bff-43f7-a643-e6b18004dffa_8882d34a-1d3b-4632-8e20-9d0b7b9d044e_large.jpg?v=1660333329,"
            Coralayne King Sleigh Bed w/ Dresser Mirror &amp; Nightstand
          ",https://www.marlofurniture.com/cdn/shop/products/64313779-3bff-43f7-a643-e6b18004dffa_8882d34a-1d3b-4632-8e20-9d0b7b9d044e_large.jpg?v=1660333329

65c61825-4be3-11ee-87e0-ec764e5b926a,https://www.marlofurniture.com/cdn/shop/products/B733-31-36-46-58-56-97-92_10169d6f-8002-4c19-89e2-d97ea895b816_large.jpg?v=1557765027,"
            Lettner Light Gray King Panel Bed Set
          ",https://www.marlofurniture.com/cdn/shop/products/B733-31-36-46-58-56-97-92_10169d6f-8002-4c19-89e2-d97ea895b816_large.jpg?v=1557765027

65c61826-4be3-11ee-84d5-ec764e5b926a,https://www.marlofurniture.com/cdn/shop/products/jpg__82879.1551210916_e07808d5-08a4-4f48-ba96-1d3ef8853586_large.jpg?v=1660334296,"
            Kanwyn King Upholstered Bed w/ Dresser Mirror &amp; Nightstand
          ",https://www.marlofurniture.com/cdn/shop/products/jpg__82879.1551210916_e07808d5-08a4-4f48-ba96-1d3ef8853586_large.jpg?v=1660334296

65c61827-4be3-11ee-b28d-ec764e5b926a,https://www.marlofurniture.com/cdn/shop/products/8eb896ba-e5b9-4cf3-9434-c363aaaa0e53_aae1a17f-1159-40b5-b149-b9aa4fd7966e_large.jpg?v=1660335185,"
            Prentice Queen Panel Bed w/ Dresser Mirror &amp; Nightstand
          ",https://www.marlofurniture.com/cdn/shop/products/8eb896ba-e5b9-4cf3-9434-c363aaaa0e53_aae1a17f-1159-40b5-b149-b9aa4fd7966e_large.jpg?v=1660335185

65c61828-4be3-11ee-84e2-ec764e5b926a,https://www.marlofurniture.com/cdn/shop/products/B672-31-36-46-58-56-97-93_e30f0cc2-10d6-41f7-8c95-facb10611a85_large.jpg?v=1648767545,"
            Prentice Queen Panel Bed with Dresser Mirror &amp; Nightstand
          ",https://www.marlofurniture.com/cdn/shop/products/B672-31-36-46-58-56-97-93_e30f0cc2-10d6-41f7-8c95-facb10611a85_large.jpg?v=1648767545

65c61829-4be3-11ee-b6df-ec764e5b926a,https://www.marlofurniture.com/cdn/shop/products/4edb41c3-2364-4b05-a153-03cd1c0f4edd_4776f911-9677-4b6d-b0ec-1516dfc3e818_large.jpg?v=1660335312,"
            Realyn Two-tone Queen Sleigh Bed w/ Dresser Mirror &amp; Nightstand
          ",https://www.marlofurniture.com/cdn/shop/products/4edb41c3-2364-4b05-a153-03cd1c0f4edd_4776f911-9677-4b6d-b0ec-1516dfc3e818_large.jpg?v=1660335312

65c6182a-4be3-11ee-87c7-ec764e5b926a,https://www.marlofurniture.com/cdn/shop/products/Untitled5_large.png?v=1648845442,"
            Realyn Twotone Queen Sleigh Bed with Dresser Mirror &amp; Nightstand
          ",https://www.marlofurniture.com/cdn/shop/products/Untitled5_large.png?v=1648845442

65c6182b-4be3-11ee-a9a5-ec764e5b926a,https://www.marlofurniture.com/cdn/shop/products/3b76ac24-e343-4cff-9d19-40ab54d88077_651869c1-33b5-45c5-909b-f14f248d8265_large.jpg?v=1660332822,"
            Brashland Linen King Bed w/ Dresser Mirror &amp; Nightstand
          ",https://www.marlofurniture.com/cdn/shop/products/3b76ac24-e343-4cff-9d19-40ab54d88077_651869c1-33b5-45c5-909b-f14f248d8265_large.jpg?v=1660332822

65c6182c-4be3-11ee-8c00-ec764e5b926a,https://www.marlofurniture.com/cdn/shop/products/24e30772-4a6b-4a3a-af6b-510802c11885_ec9cc484-9d5b-4d60-9c20-40cbe2884280_large.jpg?v=1660334423,"
            Lakeleigh Brown King Bed w/ Dresser Mirror &amp; Nightstand
          ",https://www.marlofurniture.com/cdn/shop/products/24e30772-4a6b-4a3a-af6b-510802c11885_ec9cc484-9d5b-4d60-9c20-40cbe2884280_large.jpg?v=1660334423

65c6182d-4be3-11ee-9186-ec764e5b926a,https://www.marlofurniture.com/cdn/shop/products/2be6f3f2-8a53-493e-b4c2-0c7230dc8ea7_b0e04536-ee2c-420a-880d-9fb8d96b5cb7_large.jpg?v=1660335436,"
            Royard King Bed w/ Dresser Mirror &amp; Nightstand
          ",https://www.marlofurniture.com/cdn/shop/products/2be6f3f2-8a53-493e-b4c2-0c7230dc8ea7_b0e04536-ee2c-420a-880d-9fb8d96b5cb7_large.jpg?v=1660335436

65c6182e-4be3-11ee-8384-ec764e5b926a,https://www.marlofurniture.com/cdn/shop/products/feffb77c-7c48-4f6c-924c-bb284b9b9c7b_43d87f2a-322c-49dd-9506-e225402e2ecc_large.jpg?v=1660335240,"
            Ralene King Bed w/ Dresser Mirror &amp; Nightstand
          ",https://www.marlofurniture.com/cdn/shop/products/feffb77c-7c48-4f6c-924c-bb284b9b9c7b_43d87f2a-322c-49dd-9506-e225402e2ecc_large.jpg?v=1660335240

65c6182f-4be3-11ee-b029-ec764e5b926a,https://www.marlofurniture.com/cdn/shop/products/B594-31-36-46-58-56-97-92-Q737_large.jpg?v=1568063238,"
            Ralene Medium Brown King Bed Set
          ",https://www.marlofurniture.com/cdn/shop/products/B594-31-36-46-58-56-97-92-Q737_large.jpg?v=1568063238

65c61830-4be3-11ee-88f5-ec764e5b926a,https://www.marlofurniture.com/cdn/shop/products/e0c9f99a-ecae-416b-ae6b-3dd37a59af8d__73078.1635869874_99d7f639-4a26-4185-8596-e3958a236bee_large.jpg?v=1648845546,"
            Flynnter Queen Panel Bed with Dresser Mirror and Nightstand
          ",https://www.marlofurniture.com/cdn/shop/products/e0c9f99a-ecae-416b-ae6b-3dd37a59af8d__73078.1635869874_99d7f639-4a26-4185-8596-e3958a236bee_large.jpg?v=1648845546

65c61831-4be3-11ee-992b-ec764e5b926a,https://www.marlofurniture.com/cdn/shop/products/0083418_kanwyn-king-storage-bedroom-set_bc75bd82-24c8-4acc-959a-4e25af289a53_large.jpg?v=1660334291,"
            Kanwyn King Storage Bed w/ Dresser Mirror &amp; Nightstand
          ",https://www.marlofurniture.com/cdn/shop/products/0083418_kanwyn-king-storage-bedroom-set_bc75bd82-24c8-4acc-959a-4e25af289a53_large.jpg?v=1660334291

65c61832-4be3-11ee-b795-ec764e5b926a,https://www.marlofurniture.com/cdn/shop/products/B733-31-36-46-58-56-97-92_large.jpg?v=1557765025,"
            Lettner Light Gray Queen Panel Bed Set
          ",https://www.marlofurniture.com/cdn/shop/products/B733-31-36-46-58-56-97-92_large.jpg?v=1557765025

65c61833-4be3-11ee-8970-ec764e5b926a,https://www.marlofurniture.com/cdn/shop/products/0124686_kanwyn-5-piece-bedroom-set_3efc891d-d15e-485d-8d60-eff8708e155c_large.jpg?v=1660334303,"
            Kanwyn Queen Storage Bed w/ Dresser Mirror &amp; Nightstand
          ",https://www.marlofurniture.com/cdn/shop/products/0124686_kanwyn-5-piece-bedroom-set_3efc891d-d15e-485d-8d60-eff8708e155c_large.jpg?v=1660334303

65c61834-4be3-11ee-a056-ec764e5b926a,https://www.marlofurniture.com/cdn/shop/products/61b465f5-e64b-4d90-8ff6-40c6299b41fa_b01d61a9-e2ff-4843-a52a-fa66f56d5c9f_large.jpg?v=1660334210,"
            Jennily King Bed w/ Dresser Mirror &amp; Nightstand
          ",https://www.marlofurniture.com/cdn/shop/products/61b465f5-e64b-4d90-8ff6-40c6299b41fa_b01d61a9-e2ff-4843-a52a-fa66f56d5c9f_large.jpg?v=1660334210

65c61835-4be3-11ee-9ee7-ec764e5b926a,https://www.marlofurniture.com/cdn/shop/products/31ba3e7a-80cc-431e-96a1-1942bd194e54_c898ea80-f361-4acf-b3d3-1d9d23e5ff6d_large.jpg?v=1660334420,"
            Lakeleigh Brown King Bed w/ Dresser Mirror &amp; Nightstand
          ",https://www.marlofurniture.com/cdn/shop/products/31ba3e7a-80cc-431e-96a1-1942bd194e54_c898ea80-f361-4acf-b3d3-1d9d23e5ff6d_large.jpg?v=1660334420

65c61836-4be3-11ee-bd09-ec764e5b926a,https://www.marlofurniture.com/cdn/shop/products/vdsvsd_large.png?v=1649090742,"
            Brashland Linen King Bed with Dresser Mirror &amp; Nightstand
          ",https://www.marlofurniture.com/cdn/shop/products/vdsvsd_large.png?v=1649090742

65c61837-4be3-11ee-8f9e-ec764e5b926a,https://www.marlofurniture.com/cdn/shop/products/e968f485a3586ff9747353a29c78e067_large.jpg?v=1648844062,"
            Lakeleigh Brown King Bed with Dresser Mirror &amp; Nightstand
          ",https://www.marlofurniture.com/cdn/shop/products/e968f485a3586ff9747353a29c78e067_large.jpg?v=1648844062

65c61838-4be3-11ee-a9a7-ec764e5b926a,https://www.marlofurniture.com/cdn/shop/products/dea6e86b-8976-41de-8f0e-44163a37069c_15af840a-691d-4a9b-b120-fa5f737b3b49_large.jpg?v=1660335144,"
            Porter King Bed w/ Dresser &amp; Mirror
          ",https://www.marlofurniture.com/cdn/shop/products/dea6e86b-8976-41de-8f0e-44163a37069c_15af840a-691d-4a9b-b120-fa5f737b3b49_large.jpg?v=1660335144

65c61839-4be3-11ee-bea1-ec764e5b926a,https://www.marlofurniture.com/cdn/shop/products/B697-31-36-46-78-76-99-92_9fb11b10-8b74-46d5-a50f-b2fcecba98f5_large.jpg?v=1627484313,"
            Porter King Sleigh Storage Bed and Dresser with Mirror
          ",https://www.marlofurniture.com/cdn/shop/products/B697-31-36-46-78-76-99-92_9fb11b10-8b74-46d5-a50f-b2fcecba98f5_large.jpg?v=1627484313

65c6183a-4be3-11ee-8d62-ec764e5b926a,https://www.marlofurniture.com/cdn/shop/products/24e30772-4a6b-4a3a-af6b-510802c11885_1b6223c7-813f-40c0-9a7e-78a14e7ae36c_large.jpg?v=1660334428,"
            Lakeleigh Brown Queen Bed w/ Dresser Mirror &amp; Nightstand
          ",https://www.marlofurniture.com/cdn/shop/products/24e30772-4a6b-4a3a-af6b-510802c11885_1b6223c7-813f-40c0-9a7e-78a14e7ae36c_large.jpg?v=1660334428

65c6183b-4be3-11ee-93ef-ec764e5b926a,https://www.marlofurniture.com/cdn/shop/products/3b76ac24-e343-4cff-9d19-40ab54d88077_4fdb0b5f-f793-4d85-82a8-b3adb1b5bee2_large.jpg?v=1660332833,"
            Brashland Linen Queen Bed w/ Dresser Mirror &amp; Nightstand
          ",https://www.marlofurniture.com/cdn/shop/products/3b76ac24-e343-4cff-9d19-40ab54d88077_4fdb0b5f-f793-4d85-82a8-b3adb1b5bee2_large.jpg?v=1660332833

65c6183c-4be3-11ee-bc84-ec764e5b926a,https://www.marlofurniture.com/cdn/shop/products/7c3b3dea-35e2-4e77-b562-2ba5418bd3dc_d30826c8-6ca9-49e2-878e-1499f32897a4_large.jpg?v=1660334318,"
            Kaslyn White Full Storage Bed w/Bookcase HB Dresser Mirror &amp; Nightstand
          ",https://www.marlofurniture.com/cdn/shop/products/7c3b3dea-35e2-4e77-b562-2ba5418bd3dc_d30826c8-6ca9-49e2-878e-1499f32897a4_large.jpg?v=1660334318

65c6183d-4be3-11ee-9ead-ec764e5b926a,https://www.marlofurniture.com/cdn/shop/products/jpg__65716.1580249937_large.jpg?v=1648840437,"
            Kaslyn White Full Storage Bed with Bookcase HB Dresser Mirror &amp; Nightstand
          ",https://www.marlofurniture.com/cdn/shop/products/jpg__65716.1580249937_large.jpg?v=1648840437

65c6183e-4be3-11ee-972c-ec764e5b926a,https://www.marlofurniture.com/cdn/shop/products/feffb77c-7c48-4f6c-924c-bb284b9b9c7b_b0867afa-dda7-4c20-afe5-4ae32fda02a2_large.jpg?v=1660335246,"
            Ralene Queen Bed w/ Dresser Mirror &amp; Nightstand
          ",https://www.marlofurniture.com/cdn/shop/products/feffb77c-7c48-4f6c-924c-bb284b9b9c7b_b0867afa-dda7-4c20-afe5-4ae32fda02a2_large.jpg?v=1660335246

65c63f04-4be3-11ee-a319-ec764e5b926a,https://www.marlofurniture.com/cdn/shop/products/cc42b120-15c5-42a8-ad85-84a1e924bbd4_large.jpg?v=1660335306,"
            Realyn Two-tone King Bed w/ Dresser Mirror &amp; Nightstand
          ",https://www.marlofurniture.com/cdn/shop/products/cc42b120-15c5-42a8-ad85-84a1e924bbd4_large.jpg?v=1660335306

65c63f05-4be3-11ee-9dad-ec764e5b926a,https://www.marlofurniture.com/cdn/shop/products/jpg__87574.1556051308.500.750_large.jpg?v=1648843355,"
            Realyn Twotone King Bed with Dresser Mirror &amp; Nightstand
          ",https://www.marlofurniture.com/cdn/shop/products/jpg__87574.1556051308.500.750_large.jpg?v=1648843355

65c63f06-4be3-11ee-a987-ec764e5b926a,https://www.marlofurniture.com/cdn/shop/products/B594-31-36-46-58-56-97-92-Q737_b059e800-4b59-4f48-8b57-6e2a2dc2b0ba_large.jpg?v=1568063547,"
            Ralene Medium Brown Queen Bed Set
          ",https://www.marlofurniture.com/cdn/shop/products/B594-31-36-46-58-56-97-92-Q737_b059e800-4b59-4f48-8b57-6e2a2dc2b0ba_large.jpg?v=1568063547

65c63f07-4be3-11ee-8564-ec764e5b926a,https://www.marlofurniture.com/cdn/shop/products/2be6f3f2-8a53-493e-b4c2-0c7230dc8ea7_6caa67ab-7819-49d1-ab47-69807577d673_large.jpg?v=1660335441,"
            Royard Queen Bed w/ Dresser Mirror &amp; Nightstand
          ",https://www.marlofurniture.com/cdn/shop/products/2be6f3f2-8a53-493e-b4c2-0c7230dc8ea7_6caa67ab-7819-49d1-ab47-69807577d673_large.jpg?v=1660335441

65c63f08-4be3-11ee-823e-ec764e5b926a,https://www.marlofurniture.com/cdn/shop/products/0124686_kanwyn-5-piece-bedroom-set_5747c347-99f2-4018-8e54-76b675635954_large.jpg?v=1660334301,"
            Kanwyn Queen Storage Bed w/ Dresser Mirror &amp; Nightstand
          ",https://www.marlofurniture.com/cdn/shop/products/0124686_kanwyn-5-piece-bedroom-set_5747c347-99f2-4018-8e54-76b675635954_large.jpg?v=1660334301

65c63f09-4be3-11ee-bf1b-ec764e5b926a,https://www.marlofurniture.com/cdn/shop/products/ced727de-8d80-45d2-af64-5db211a0a93f_ee793be9-0fd8-4152-b5ba-d285f58e1dc9_large.jpg?v=1660332568,"
            Bellvern King Bed w/ Dresser Mirror &amp; Nightstand
          ",https://www.marlofurniture.com/cdn/shop/products/ced727de-8d80-45d2-af64-5db211a0a93f_ee793be9-0fd8-4152-b5ba-d285f58e1dc9_large.jpg?v=1660332568

65c63f0a-4be3-11ee-90e5-ec764e5b926a,https://www.marlofurniture.com/cdn/shop/products/caitbrook-gray-queen-storage-panel-bed_qb1250134_25_d95a6063-ebdd-44cd-9355-0b06577f5c2f_large.jpg?v=1648846115,"
            Caitbrook Gray Full Bed with Dresser Mirror &amp; Night Stand
          ",https://www.marlofurniture.com/cdn/shop/products/caitbrook-gray-queen-storage-panel-bed_qb1250134_25_d95a6063-ebdd-44cd-9355-0b06577f5c2f_large.jpg?v=1648846115

65c63f0b-4be3-11ee-8ec2-ec764e5b926a,https://www.marlofurniture.com/cdn/shop/products/1824-1_1024x1024_74df359c-cc91-45ed-b2f5-3025a9cc20d2_large.jpg?v=1660336366,"
            Catalonia King Bed w/ Dresser Mirror &amp; Nightstand
          ",https://www.marlofurniture.com/cdn/shop/products/1824-1_1024x1024_74df359c-cc91-45ed-b2f5-3025a9cc20d2_large.jpg?v=1660336366

65c63f0c-4be3-11ee-ab92-ec764e5b926a,https://www.marlofurniture.com/cdn/shop/products/64313779-3bff-43f7-a643-e6b18004dffa_96fab584-4635-4262-987d-90b3de9fb387_large.jpg?v=1660333336,"
            Coralayne Queen Sleigh Bed w/ Dresser Mirror &amp; Nightstand
          ",https://www.marlofurniture.com/cdn/shop/products/64313779-3bff-43f7-a643-e6b18004dffa_96fab584-4635-4262-987d-90b3de9fb387_large.jpg?v=1660333336

65c63f0d-4be3-11ee-a890-ec764e5b926a,https://www.marlofurniture.com/cdn/shop/products/31ba3e7a-80cc-431e-96a1-1942bd194e54_24ca2475-7bb7-4212-b5c7-7cb46b244637_large.jpg?v=1660334425,"
            Lakeleigh Brown Queen Bed w/ Dresser Mirror &amp; Nightstand
          ",https://www.marlofurniture.com/cdn/shop/products/31ba3e7a-80cc-431e-96a1-1942bd194e54_24ca2475-7bb7-4212-b5c7-7cb46b244637_large.jpg?v=1660334425

65c63f0e-4be3-11ee-ae95-ec764e5b926a,https://www.marlofurniture.com/cdn/shop/products/vdsvsd_33efb57a-3927-4535-864b-74d0c3a46cba_large.png?v=1649090775,"
            Brashland Linen Queen Bed with Dresser Mirror &amp; Nightstand
          ",https://www.marlofurniture.com/cdn/shop/products/vdsvsd_33efb57a-3927-4535-864b-74d0c3a46cba_large.png?v=1649090775

65c63f0f-4be3-11ee-b0d7-ec764e5b926a,https://www.marlofurniture.com/cdn/shop/products/jpg__70627.1578948297_large.jpg?v=1648840087,"
            Lakeleigh Brown Queen Bed with Dresser Mirror &amp; Nightstand
          ",https://www.marlofurniture.com/cdn/shop/products/jpg__70627.1578948297_large.jpg?v=1648840087

65c63f10-4be3-11ee-86ff-ec764e5b926a,https://www.marlofurniture.com/cdn/shop/products/dea6e86b-8976-41de-8f0e-44163a37069c_large.jpg?v=1660335162,"
            Porter Queen Sleigh Storage Bed w/ Dresser &amp; Mirror
          ",https://www.marlofurniture.com/cdn/shop/products/dea6e86b-8976-41de-8f0e-44163a37069c_large.jpg?v=1660335162

65c63f11-4be3-11ee-bb7c-ec764e5b926a,https://www.marlofurniture.com/cdn/shop/products/7c3b3dea-35e2-4e77-b562-2ba5418bd3dc_b4b30fc2-da1a-413a-80b5-e44057e76418_large.jpg?v=1660334324,"
            Kaslyn White Twin Storage Bed w/Bookcase HB Dresser Mirror &amp; Nightstand
          ",https://www.marlofurniture.com/cdn/shop/products/7c3b3dea-35e2-4e77-b562-2ba5418bd3dc_b4b30fc2-da1a-413a-80b5-e44057e76418_large.jpg?v=1660334324

65c63f12-4be3-11ee-903d-ec764e5b926a,https://www.marlofurniture.com/cdn/shop/products/B502-yth-pnl-br-set-1_large.jpg?v=1648846576,"
            Kaslyn White Twin Storage Bed with Bookcase HB Dresser Mirror &amp; Nightstand
          ",https://www.marlofurniture.com/cdn/shop/products/B502-yth-pnl-br-set-1_large.jpg?v=1648846576

65c63f13-4be3-11ee-b691-ec764e5b926a,https://www.marlofurniture.com/cdn/shop/products/B697-31-36-46-78-76-99-92_large.jpg?v=1627484090,"
            Porter Queen Sleigh Storage Bed and Dresser with Mirror
          ",https://www.marlofurniture.com/cdn/shop/products/B697-31-36-46-78-76-99-92_large.jpg?v=1627484090

65c63f14-4be3-11ee-badb-ec764e5b926a,https://www.marlofurniture.com/cdn/shop/products/jpg__97319.1580249397_114709ae-4580-4ff5-9163-6374148d699c_large.jpg?v=1648846624,"
            Realyn Twotone Queen Bed with Dresser Mirror &amp; Nightstand
          ",https://www.marlofurniture.com/cdn/shop/products/jpg__97319.1580249397_114709ae-4580-4ff5-9163-6374148d699c_large.jpg?v=1648846624

65c63f15-4be3-11ee-b39e-ec764e5b926a,https://www.marlofurniture.com/cdn/shop/products/ced727de-8d80-45d2-af64-5db211a0a93f_large.jpg?v=1660332572,"
            Bellvern Queen Bed w/ Dresser Mirror &amp; Nightstand
          ",https://www.marlofurniture.com/cdn/shop/products/ced727de-8d80-45d2-af64-5db211a0a93f_large.jpg?v=1660332572

65c63f16-4be3-11ee-816e-ec764e5b926a,https://www.marlofurniture.com/cdn/shop/products/hyndell-Bedroom-Set_large.jpg?v=1648843859,"
            Hyndell Dark Brown King Bed with Dresser Mirror &amp; Nightstand
          ",https://www.marlofurniture.com/cdn/shop/products/hyndell-Bedroom-Set_large.jpg?v=1648843859

65c63f17-4be3-11ee-8032-ec764e5b926a,https://www.marlofurniture.com/cdn/shop/products/a4a098e4-020d-475e-a5a9-884f51951129_dfdd9362-a8ca-4eed-89ec-57afa5f6ad4d_large.jpg?v=1660333331,"
            Coralayne King Tufted Upholstered Bed w/ Dresser Mirror &amp; Nightstand
          ",https://www.marlofurniture.com/cdn/shop/products/a4a098e4-020d-475e-a5a9-884f51951129_dfdd9362-a8ca-4eed-89ec-57afa5f6ad4d_large.jpg?v=1660333331

65c63f18-4be3-11ee-b258-ec764e5b926a,https://www.marlofurniture.com/cdn/shop/products/jpg__29239.1587193786_large.jpg?v=1648845498,"
            Coralayne King Tufted Uph Bed with Dresser Mirror &amp; Nightstand
          ",https://www.marlofurniture.com/cdn/shop/products/jpg__29239.1587193786_large.jpg?v=1648845498

65c63f19-4be3-11ee-9da8-ec764e5b926a,https://www.marlofurniture.com/cdn/shop/products/9f31fb8f-3eb2-49ee-920e-48a93c2087e6_23b1ec4f-5dfc-4aff-b27b-d9724f03ab35_large.jpg?v=1650957863,"
            Starmore King Bed w/ Dresser Mirror &amp; Nightstand
          ",https://www.marlofurniture.com/cdn/shop/products/9f31fb8f-3eb2-49ee-920e-48a93c2087e6_23b1ec4f-5dfc-4aff-b27b-d9724f03ab35_large.jpg?v=1650957863

65c63f1a-4be3-11ee-8285-ec764e5b926a,https://www.marlofurniture.com/cdn/shop/products/download_large.jpg?v=1648840197,"
            Hyndell Dark Brown Queen Bed with Dresser Mirror &amp; Nightstand
          ",https://www.marlofurniture.com/cdn/shop/products/download_large.jpg?v=1648840197

65c63f1b-4be3-11ee-8c36-ec764e5b926a,https://www.marlofurniture.com/cdn/shop/products/B777-58-56-97-1_ec936e0b-f170-4147-b4cf-468ece82c8b7_large.jpg?v=1660334288,"
            Kanwyn King Bed w/ Dresser Mirror &amp; Nightstand
          ",https://www.marlofurniture.com/cdn/shop/products/B777-58-56-97-1_ec936e0b-f170-4147-b4cf-468ece82c8b7_large.jpg?v=1660334288

65c63f1c-4be3-11ee-b138-ec764e5b926a,https://www.marlofurniture.com/cdn/shop/products/a4a098e4-020d-475e-a5a9-884f51951129_large.jpg?v=1660333339,"
            Coralayne Queen Tufted Bed w/ Dresser Mirror &amp; Nightstand
          ",https://www.marlofurniture.com/cdn/shop/products/a4a098e4-020d-475e-a5a9-884f51951129_large.jpg?v=1660333339

65c63f1d-4be3-11ee-9482-ec764e5b926a,https://www.marlofurniture.com/cdn/shop/products/jpg__29239.1587193786_198bbb96-52cb-4f5f-bb26-4ff341faf470_large.jpg?v=1648846030,"
            Coralayne Queen Tufted Bed with Dresser Mirror &amp; Nightstand
          ",https://www.marlofurniture.com/cdn/shop/products/jpg__29239.1587193786_198bbb96-52cb-4f5f-bb26-4ff341faf470_large.jpg?v=1648846030

65c63f1e-4be3-11ee-9381-ec764e5b926a,https://www.marlofurniture.com/cdn/shop/products/9f31fb8f-3eb2-49ee-920e-48a93c2087e6_d51ff61d-6935-485b-a5aa-b4cc6b184a89_large.jpg?v=1650957882,"
            Starmore Queen Bed w/ Dresser Mirror &amp; Nightstand
          ",https://www.marlofurniture.com/cdn/shop/products/9f31fb8f-3eb2-49ee-920e-48a93c2087e6_d51ff61d-6935-485b-a5aa-b4cc6b184a89_large.jpg?v=1650957882

65c63f1f-4be3-11ee-a1de-ec764e5b926a,https://www.marlofurniture.com/cdn/shop/products/1824-1_1024x1024_6f0d962b-4ed8-4d8b-9866-878ef20206f6_large.jpg?v=1648893137,"
            Catalonia Queen Bed with Dresser Mirror &amp; Nightstand
          ",https://www.marlofurniture.com/cdn/shop/products/1824-1_1024x1024_6f0d962b-4ed8-4d8b-9866-878ef20206f6_large.jpg?v=1648893137

65c63f20-4be3-11ee-9011-ec764e5b926a,https://www.marlofurniture.com/cdn/shop/products/2be6f3f2-8a53-493e-b4c2-0c7230dc8ea7_large.jpg?v=1660335433,"
            Royard King Bed w/ Dresser &amp; Mirror
          ",https://www.marlofurniture.com/cdn/shop/products/2be6f3f2-8a53-493e-b4c2-0c7230dc8ea7_large.jpg?v=1660335433

65c63f21-4be3-11ee-8e49-ec764e5b926a,https://www.marlofurniture.com/cdn/shop/products/B777-Kanwyn_Panel_Bedroom_Set-1_ae3412cd-9cec-4925-bad0-fc919d28b47f_large.jpg?v=1660334297,"
            Kanwyn Queen Bed w/ Dresser Mirror &amp; Nightstand
          ",https://www.marlofurniture.com/cdn/shop/products/B777-Kanwyn_Panel_Bedroom_Set-1_ae3412cd-9cec-4925-bad0-fc919d28b47f_large.jpg?v=1660334297

65c63f22-4be3-11ee-9e0f-ec764e5b926a,https://www.marlofurniture.com/cdn/shop/products/3b76ac24-e343-4cff-9d19-40ab54d88077_large.jpg?v=1660332817,"
            Brashland Linen King Bed w/ Dresser &amp; Mirror
          ",https://www.marlofurniture.com/cdn/shop/products/3b76ac24-e343-4cff-9d19-40ab54d88077_large.jpg?v=1660332817

65c63f23-4be3-11ee-bf46-ec764e5b926a,https://www.marlofurniture.com/cdn/shop/products/1824-1_1024x1024_fb7c245c-e8b6-47fa-83ea-95c8ed292cfe_large.jpg?v=1660336364,"
            Catalonia King Bed w/ Dresser &amp; Mirror
          ",https://www.marlofurniture.com/cdn/shop/products/1824-1_1024x1024_fb7c245c-e8b6-47fa-83ea-95c8ed292cfe_large.jpg?v=1660336364

65c63f24-4be3-11ee-b2e5-ec764e5b926a,https://www.marlofurniture.com/cdn/shop/products/ae44a143-aeec-4fc3-90c7-2bc00b2c389d_large.jpg?v=1660335150,"
            Porter King Panel Bed w/ Dresser &amp; Mirror
          ",https://www.marlofurniture.com/cdn/shop/products/ae44a143-aeec-4fc3-90c7-2bc00b2c389d_large.jpg?v=1660335150

65c63f25-4be3-11ee-aec1-ec764e5b926a,https://www.marlofurniture.com/cdn/shop/products/B697-31-36-46-58-56-97-92_large.jpg?v=1627484177,"
            Porter King Panel Bed and Dresser with Mirror
          ",https://www.marlofurniture.com/cdn/shop/products/B697-31-36-46-58-56-97-92_large.jpg?v=1627484177

65c63f26-4be3-11ee-a783-ec764e5b926a,https://www.marlofurniture.com/cdn/shop/products/2be6f3f2-8a53-493e-b4c2-0c7230dc8ea7_9864a663-a4b5-4fe4-94eb-220d155efaa5_large.jpg?v=1660335438,"
            Royard Queen Bed w/ Dresser &amp; Mirror
          ",https://www.marlofurniture.com/cdn/shop/products/2be6f3f2-8a53-493e-b4c2-0c7230dc8ea7_9864a663-a4b5-4fe4-94eb-220d155efaa5_large.jpg?v=1660335438

65c63f27-4be3-11ee-9f3f-ec764e5b926a,https://www.marlofurniture.com/cdn/shop/products/jpg__37747.1573805448_large.jpg?v=1648842198,"
            Brashland Linen King Bed with Dresser &amp; Mirror
          ",https://www.marlofurniture.com/cdn/shop/products/jpg__37747.1573805448_large.jpg?v=1648842198

65c63f28-4be3-11ee-85af-ec764e5b926a,https://www.marlofurniture.com/cdn/shop/products/aaec7519-b9ec-4f9c-a7f7-80f5dde57be6_large.jpg?v=1660332197,"
            Adinton Reddish Brown King Storage Bed w/ Dresser Mirror &amp; Nightstand
          ",https://www.marlofurniture.com/cdn/shop/products/aaec7519-b9ec-4f9c-a7f7-80f5dde57be6_large.jpg?v=1660332197

65c63f29-4be3-11ee-b70b-ec764e5b926a,https://www.marlofurniture.com/cdn/shop/products/b517-31-36-46-58-56s-99-92-open_asl2019_3_ashley20191_1_large.jpg?v=1648846910,"
            Adinton Reddish Brown King Storage Bed with Dresser Mirror &amp; Nightstand
          ",https://www.marlofurniture.com/cdn/shop/products/b517-31-36-46-58-56s-99-92-open_asl2019_3_ashley20191_1_large.jpg?v=1648846910

65c63f2a-4be3-11ee-81e1-ec764e5b926a,https://www.marlofurniture.com/cdn/shop/products/b322fb45-f239-4ed8-a294-3f2adb17420c_85df6d5f-2e22-4824-975d-8151e1754da7_large.jpg?v=1660332827,"
            Brashland Linen Queen Bed w/ Dresser &amp; Mirror
          ",https://www.marlofurniture.com/cdn/shop/products/b322fb45-f239-4ed8-a294-3f2adb17420c_85df6d5f-2e22-4824-975d-8151e1754da7_large.jpg?v=1660332827

65c63f2b-4be3-11ee-9e58-ec764e5b926a,https://www.marlofurniture.com/cdn/shop/products/9d8e4c31-f13d-4941-a1b3-5c307cbaead6_large.jpg?v=1660332565,"
            Bellvern King Bed w/ Dresser &amp; Mirror
          ",https://www.marlofurniture.com/cdn/shop/products/9d8e4c31-f13d-4941-a1b3-5c307cbaead6_large.jpg?v=1660332565

65c63f2c-4be3-11ee-bfdf-ec764e5b926a,https://www.marlofurniture.com/cdn/shop/products/ddea0394-566e-46c5-b63b-14f5c578d034_large.jpg?v=1660335157,"
            Porter Queen Bed w/ Dresser &amp; Mirror
          ",https://www.marlofurniture.com/cdn/shop/products/ddea0394-566e-46c5-b63b-14f5c578d034_large.jpg?v=1660335157

65c63f2d-4be3-11ee-a28a-ec764e5b926a,https://www.marlofurniture.com/cdn/shop/products/B697-31-36-46-58-56-97-92_24e8773b-817d-43e4-b3e3-f0952eb3c034_large.jpg?v=1627484489,"
            Porter Queen Panel Bed and Dresser with Mirror
          ",https://www.marlofurniture.com/cdn/shop/products/B697-31-36-46-58-56-97-92_24e8773b-817d-43e4-b3e3-f0952eb3c034_large.jpg?v=1627484489

65c63f2e-4be3-11ee-8bd9-ec764e5b926a,https://www.marlofurniture.com/cdn/shop/products/AF-B740-157-154-96-31-36-93-1_large.jpg?v=1648840145,"
            Brashland Linen Queen Bed with Dresser &amp; Mirror
          ",https://www.marlofurniture.com/cdn/shop/products/AF-B740-157-154-96-31-36-93-1_large.jpg?v=1648840145

65c63f2f-4be3-11ee-a1b0-ec764e5b926a,https://www.marlofurniture.com/cdn/shop/products/aaec7519-b9ec-4f9c-a7f7-80f5dde57be6_4121083b-f66f-4372-8fa1-53210cad3aeb_large.jpg?v=1660332204,"
            Adinton Reddish Brown Queen Storage Bed w/ Dresser Mirror &amp; Nightstand
          ",https://www.marlofurniture.com/cdn/shop/products/aaec7519-b9ec-4f9c-a7f7-80f5dde57be6_4121083b-f66f-4372-8fa1-53210cad3aeb_large.jpg?v=1660332204

65c63f30-4be3-11ee-a1b0-ec764e5b926a,https://www.marlofurniture.com/cdn/shop/products/image_4471609b-49f6-41f1-8730-ea5dc8622ec9_large.jpg?v=1660332919,"
            Brueban King Storage Bed w/ Dresser Mirror &amp; Nightstand
          ",https://www.marlofurniture.com/cdn/shop/products/image_4471609b-49f6-41f1-8730-ea5dc8622ec9_large.jpg?v=1660332919

65c63f31-4be3-11ee-99ae-ec764e5b926a,https://www.marlofurniture.com/cdn/shop/products/9d8e4c31-f13d-4941-a1b3-5c307cbaead6_320ff7ad-3ed5-4f1f-8e12-e9641838370a_large.jpg?v=1660332570,"
            Bellvern Queen Bed w/ Dresser &amp; Mirror
          ",https://www.marlofurniture.com/cdn/shop/products/9d8e4c31-f13d-4941-a1b3-5c307cbaead6_320ff7ad-3ed5-4f1f-8e12-e9641838370a_large.jpg?v=1660332570

65c63f32-4be3-11ee-927f-ec764e5b926a,https://www.marlofurniture.com/cdn/shop/products/jpg__65716.1580249937_b7212a8c-c05c-45f5-993e-3dc36739a473_large.jpg?v=1648840518,"
            Kaslyn White Queen Bed with Dresser Mirror &amp; Nightstand
          ",https://www.marlofurniture.com/cdn/shop/products/jpg__65716.1580249937_b7212a8c-c05c-45f5-993e-3dc36739a473_large.jpg?v=1648840518

65c63f33-4be3-11ee-9efd-ec764e5b926a,https://www.marlofurniture.com/cdn/shop/products/1824-1_1024x1024_a7bcc059-72fb-4db3-96eb-7d739c72e494_large.jpg?v=1648893134,"
            Catalonia Queen Bed with Dresser &amp; Mirror
          ",https://www.marlofurniture.com/cdn/shop/products/1824-1_1024x1024_a7bcc059-72fb-4db3-96eb-7d739c72e494_large.jpg?v=1648893134

65c63f34-4be3-11ee-84f8-ec764e5b926a,https://www.marlofurniture.com/cdn/shop/products/kaslyn_set_5fd7ddf1-ffb5-417f-af16-978d5fe84314_large.jpg?v=1568051974,"
            Kaslyn - White Full Bed w/Dresser  Mirror &amp; Nightstand
          ",https://www.marlofurniture.com/cdn/shop/products/kaslyn_set_5fd7ddf1-ffb5-417f-af16-978d5fe84314_large.jpg?v=1568051974

65c63f35-4be3-11ee-9877-ec764e5b926a,https://www.marlofurniture.com/cdn/shop/products/image_45fc3240-5d08-425d-868f-20917c4dfe58_large.jpg?v=1660332923,"
            Brueban Queen Storage Bed w/ Dresser Mirror &amp; Nightstand
          ",https://www.marlofurniture.com/cdn/shop/products/image_45fc3240-5d08-425d-868f-20917c4dfe58_large.jpg?v=1660332923

65c665f4-4be3-11ee-a93a-ec764e5b926a,https://www.marlofurniture.com/cdn/shop/products/ASPEN-WH-QB_2_949d9b4c-bfdf-4e80-87d0-404d93ae79a7_large.jpg?v=1660336164,"
            Aspen White King Bed with LED Headboard w/ Dresser &amp; Mirror  Nightstand
          ",https://www.marlofurniture.com/cdn/shop/products/ASPEN-WH-QB_2_949d9b4c-bfdf-4e80-87d0-404d93ae79a7_large.jpg?v=1660336164

65c665f5-4be3-11ee-8d85-ec764e5b926a,https://www.marlofurniture.com/cdn/shop/products/kaslyn_set_large.jpg?v=1568051827,"
            Kaslyn - White Twin Bed w/Dresser  Mirror &amp; Nightstand
          ",https://www.marlofurniture.com/cdn/shop/products/kaslyn_set_large.jpg?v=1568051827

65c665f6-4be3-11ee-9441-ec764e5b926a,https://www.marlofurniture.com/cdn/shop/products/image_86640580-b94d-4b45-89d1-a61115d07207_large.jpg?v=1648767376,"
            Kaydell King Bed with Dresser Mirror Chest &amp; 2 Nightstands
          ",https://www.marlofurniture.com/cdn/shop/products/image_86640580-b94d-4b45-89d1-a61115d07207_large.jpg?v=1648767376

65c665f7-4be3-11ee-b1b8-ec764e5b926a,https://www.marlofurniture.com/cdn/shop/products/1616-1_1024x1024_1024x1024_173a8ae5-c853-40cf-b5ee-cb1f2008e861_large.jpg?v=1660337185,"
            Tamsin Champagne Gray Queen Bed  Dresser &amp; Mirror  Nightstand
          ",https://www.marlofurniture.com/cdn/shop/products/1616-1_1024x1024_1024x1024_173a8ae5-c853-40cf-b5ee-cb1f2008e861_large.jpg?v=1660337185

65c665f8-4be3-11ee-bbd6-ec764e5b926a,https://www.marlofurniture.com/cdn/shop/products/image_18e48082-8878-4ca9-bc66-09fd77eb5775_large.jpg?v=1648767372,"
            Kaydell Queen Bed with Dresser Mirror Chest &amp; 2 Nightstands
          ",https://www.marlofurniture.com/cdn/shop/products/image_18e48082-8878-4ca9-bc66-09fd77eb5775_large.jpg?v=1648767372

65c665f9-4be3-11ee-8e8d-ec764e5b926a,https://www.marlofurniture.com/cdn/shop/products/man-5053_large.jpg?v=1649090826,"
            Willowton Whitewash King Bed with Dresser Mirror &amp; 2 Nightstand
          ",https://www.marlofurniture.com/cdn/shop/products/man-5053_large.jpg?v=1649090826

65c665fa-4be3-11ee-8d45-ec764e5b926a,https://www.marlofurniture.com/cdn/shop/products/image_53772132-5079-49ab-9272-9ee08281785a_large.jpg?v=1660332917,"
            Brueban King Storage Bed w/ Dresser &amp; Mirror
          ",https://www.marlofurniture.com/cdn/shop/products/image_53772132-5079-49ab-9272-9ee08281785a_large.jpg?v=1660332917

65c665fb-4be3-11ee-9728-ec764e5b926a,https://www.marlofurniture.com/cdn/shop/products/ASPEN-WH-QB_2_e1b86e73-5b70-43c4-8df1-084b336516cf_large.jpg?v=1660336173,"
            Aspen White Queen Bed with LED Headboard w/ Dresser &amp; Mirror  Nightstand
          ",https://www.marlofurniture.com/cdn/shop/products/ASPEN-WH-QB_2_e1b86e73-5b70-43c4-8df1-084b336516cf_large.jpg?v=1660336173

65c665fc-4be3-11ee-8eb7-ec764e5b926a,https://www.marlofurniture.com/cdn/shop/products/B376-31-36-46-81-96-92_54cd6fde-5ed8-4c15-80fc-6a5f2c160ca5_large.jpg?v=1648892912,"
            Alisdair Full Size 8 Piece Bedroom
          ",https://www.marlofurniture.com/cdn/shop/products/B376-31-36-46-81-96-92_54cd6fde-5ed8-4c15-80fc-6a5f2c160ca5_large.jpg?v=1648892912

65c665fd-4be3-11ee-ab25-ec764e5b926a,https://www.marlofurniture.com/cdn/shop/products/juararo_-_1195589344_b251-bps-b1_2_large.jpg?v=1649091159,"
            Juararo King Poster with Dresser Mirror Nightstand &amp; Chest
          ",https://www.marlofurniture.com/cdn/shop/products/juararo_-_1195589344_b251-bps-b1_2_large.jpg?v=1649091159

65c665fe-4be3-11ee-8412-ec764e5b926a,https://www.marlofurniture.com/cdn/shop/products/ASPEN-WH-QB_2_da972c3a-4dec-437d-82e9-cb3e593ccdd8_large.jpg?v=1660336162,"
            Aspen White King Bed with LED Headboard w/ Dresser &amp; Mirror
          ",https://www.marlofurniture.com/cdn/shop/products/ASPEN-WH-QB_2_da972c3a-4dec-437d-82e9-cb3e593ccdd8_large.jpg?v=1660336162

65c665ff-4be3-11ee-ba51-ec764e5b926a,https://www.marlofurniture.com/cdn/shop/products/0090835_bruxworth-king-size-bed_1_large.jpg?v=1660336319,"
            Bruxworth Queen Bed and Dresser with Mirror
          ",https://www.marlofurniture.com/cdn/shop/products/0090835_bruxworth-king-size-bed_1_large.jpg?v=1660336319

65c66600-4be3-11ee-b721-ec764e5b926a,https://www.marlofurniture.com/cdn/shop/products/image_79b9636b-6986-452b-b14e-508f4649430c_large.jpg?v=1660332921,"
            Brueban Queen Storage Bed w/ Dresser &amp; Mirror
          ",https://www.marlofurniture.com/cdn/shop/products/image_79b9636b-6986-452b-b14e-508f4649430c_large.jpg?v=1660332921

65c66601-4be3-11ee-a7c6-ec764e5b926a,https://www.marlofurniture.com/cdn/shop/products/juararo_-_1195589344_b251-bps-b1_2_3e69b4bd-37d9-4091-9347-acdf84d5d418_large.jpg?v=1649091191,"
            Juararo 7Pc Queen
          ",https://www.marlofurniture.com/cdn/shop/products/juararo_-_1195589344_b251-bps-b1_2_3e69b4bd-37d9-4091-9347-acdf84d5d418_large.jpg?v=1649091191

65c66602-4be3-11ee-97ff-ec764e5b926a,https://www.marlofurniture.com/cdn/shop/products/B376-31-36-46-81-96-92_2e9f3b5f-b162-46c7-b95f-055aa62ba8a2_large.jpg?v=1648767483,"
            Alisdair King Bed with Dresser Mirror &amp; 2 Nightstand
          ",https://www.marlofurniture.com/cdn/shop/products/B376-31-36-46-81-96-92_2e9f3b5f-b162-46c7-b95f-055aa62ba8a2_large.jpg?v=1648767483

65c66603-4be3-11ee-9084-ec764e5b926a,https://www.marlofurniture.com/cdn/shop/products/1616-1_1024x1024_02680c54-471d-4af3-93e0-3b1e7c2cc0c4_large.jpg?v=1660337187,"
            Tamsin Champagne Gray Queen Bed w/ Dresser &amp; Mirror
          ",https://www.marlofurniture.com/cdn/shop/products/1616-1_1024x1024_02680c54-471d-4af3-93e0-3b1e7c2cc0c4_large.jpg?v=1660337187

65c66604-4be3-11ee-931d-ec764e5b926a,https://www.marlofurniture.com/cdn/shop/products/fdgd_large.png?v=1649091276,"
            Zelen King Bed with Dresser Mirror &amp; 2 Nightstand
          ",https://www.marlofurniture.com/cdn/shop/products/fdgd_large.png?v=1649091276

65c66605-4be3-11ee-9bed-ec764e5b926a,https://www.marlofurniture.com/cdn/shop/products/5ca49b4f-2783-4541-a2c2-b5df3d6b1395_fb39e424-6287-46f1-a82b-85c71518384e_large.jpg?v=1650957800,"
            Trinell Brown King Bed w/ Dresser Mirror &amp; Nightstand
          ",https://www.marlofurniture.com/cdn/shop/products/5ca49b4f-2783-4541-a2c2-b5df3d6b1395_fb39e424-6287-46f1-a82b-85c71518384e_large.jpg?v=1650957800

65c66606-4be3-11ee-b329-ec764e5b926a,https://www.marlofurniture.com/cdn/shop/products/trinell_set_d256b40c-6b68-4fe2-ac86-9c7918e6131e_large.jpg?v=1568049275,"
            Trinell - Brown King Bed w/ Dresser  Mirror &amp; Nightstand
          ",https://www.marlofurniture.com/cdn/shop/products/trinell_set_d256b40c-6b68-4fe2-ac86-9c7918e6131e_large.jpg?v=1568049275

65c66607-4be3-11ee-8a1a-ec764e5b926a,https://www.marlofurniture.com/cdn/shop/products/527adb0e-1d42-48c6-ab14-3401ac750c3a_large.jpg?v=1660335200,"
            Quinden Dark Brown Queen Bed w/ Dresser &amp; Mirror
          ",https://www.marlofurniture.com/cdn/shop/products/527adb0e-1d42-48c6-ab14-3401ac750c3a_large.jpg?v=1660335200

65c66608-4be3-11ee-af8e-ec764e5b926a,https://www.marlofurniture.com/cdn/shop/products/1678W-1_d471384b-8a71-410d-8903-5d4bcce5ac73_large.jpg?v=1568230055,"
            Keren - White King Bed with Dresser Mirror &amp; Nightstand
          ",https://www.marlofurniture.com/cdn/shop/products/1678W-1_d471384b-8a71-410d-8903-5d4bcce5ac73_large.jpg?v=1568230055

65c66609-4be3-11ee-9d31-ec764e5b926a,https://www.marlofurniture.com/cdn/shop/products/HOM1958-5_f36be6de-a687-461d-a588-b8e1cc2efb06_large.jpg?v=1664471619,"
            Bevelle Queen Bed w/ Dresser Mirror &amp; Nightstand
          ",https://www.marlofurniture.com/cdn/shop/products/HOM1958-5_f36be6de-a687-461d-a588-b8e1cc2efb06_large.jpg?v=1664471619

65c6660a-4be3-11ee-b03b-ec764e5b926a,https://www.marlofurniture.com/cdn/shop/products/94c53662-15a3-4d7a-a9a4-9f529ce04ac5_large.jpg?v=1649091321,"
            Bellaby Whitewash King Storage Bed with Dresser Mirror &amp; Nightstand
          ",https://www.marlofurniture.com/cdn/shop/products/94c53662-15a3-4d7a-a9a4-9f529ce04ac5_large.jpg?v=1649091321

65c6660b-4be3-11ee-8703-ec764e5b926a,https://www.marlofurniture.com/cdn/shop/products/image_49c07cce-02b9-4e65-a8b3-08bd147ebe3e_large.jpg?v=1648767377,"
            Kaydell King Bed with Dresser Mirror &amp; 2 Nightstands
          ",https://www.marlofurniture.com/cdn/shop/products/image_49c07cce-02b9-4e65-a8b3-08bd147ebe3e_large.jpg?v=1648767377

65c6660c-4be3-11ee-b574-ec764e5b926a,https://www.marlofurniture.com/cdn/shop/products/b267-31-36-46-78-76-97-92-q732_1_4_ashley20191_1_e12db52a-c288-44ac-9aa2-188611c00f2f_large.jpg?v=1660335938,"
            Willowton Whitewash King Sleigh Bed w/ Dresser Mirror &amp; Nightstand
          ",https://www.marlofurniture.com/cdn/shop/products/b267-31-36-46-78-76-97-92-q732_1_4_ashley20191_1_e12db52a-c288-44ac-9aa2-188611c00f2f_large.jpg?v=1660335938

65c6660d-4be3-11ee-b102-ec764e5b926a,https://www.marlofurniture.com/cdn/shop/products/B267-87.a_486679f0-4833-4b0e-b3e3-9677a7ad4f38_large.jpg?v=1660335936,"
            Willowton Whitewash Full Bed w/ Dresser Mirror &amp; Nightstand
          ",https://www.marlofurniture.com/cdn/shop/products/B267-87.a_486679f0-4833-4b0e-b3e3-9677a7ad4f38_large.jpg?v=1660335936

65c6660e-4be3-11ee-a481-ec764e5b926a,https://www.marlofurniture.com/cdn/shop/products/4c6ce2cc-72c8-4281-bf93-03c3f1000f45_e4f4d77c-39ca-4566-8bd5-a8682dd37fd5_large.jpg?v=1660332373,"
            Arnett Gray King Bed w/ Dresser Mirror &amp; Nightstand
          ",https://www.marlofurniture.com/cdn/shop/products/4c6ce2cc-72c8-4281-bf93-03c3f1000f45_e4f4d77c-39ca-4566-8bd5-a8682dd37fd5_large.jpg?v=1660332373

65c6660f-4be3-11ee-a05d-ec764e5b926a,https://www.marlofurniture.com/cdn/shop/products/ASPEN-WH-QB_2_922c3f6d-b8b3-44a1-aaa3-4f60eb7292b4_large.jpg?v=1660336171,"
            Aspen White Queen Bed with LED Headboard w/ Dresser &amp; Mirror
          ",https://www.marlofurniture.com/cdn/shop/products/ASPEN-WH-QB_2_922c3f6d-b8b3-44a1-aaa3-4f60eb7292b4_large.jpg?v=1660336171

65c66610-4be3-11ee-b831-ec764e5b926a,https://www.marlofurniture.com/cdn/shop/products/b128-31-77-74-98-92-q737-q707_large.jpg?v=1649091400,"
            Huey Vineyard Queen Bed with Dresser Mirror Chest 2 Night Stands
          ",https://www.marlofurniture.com/cdn/shop/products/b128-31-77-74-98-92-q737-q707_large.jpg?v=1649091400

65c66611-4be3-11ee-9181-ec764e5b926a,https://www.marlofurniture.com/cdn/shop/products/bc72d237-8385-4526-af33-65d81a990490_b19e28c4-0000-4495-a05a-4aaa701a6884_large.jpg?v=1650957700,"
            Trinell Brown Queen Bed w/ Dresser Mirror &amp; Nightstand
          ",https://www.marlofurniture.com/cdn/shop/products/bc72d237-8385-4526-af33-65d81a990490_b19e28c4-0000-4495-a05a-4aaa701a6884_large.jpg?v=1650957700

65c66612-4be3-11ee-98cd-ec764e5b926a,https://www.marlofurniture.com/cdn/shop/products/trinell_set_large.jpg?v=1568049080,"
            Trinell - Brown Queen Bed w/ Dresser  Mirror &amp; Nightstand
          ",https://www.marlofurniture.com/cdn/shop/products/trinell_set_large.jpg?v=1568049080

65c66613-4be3-11ee-bbca-ec764e5b926a,https://www.marlofurniture.com/cdn/shop/products/39e509dc-63fe-4607-abec-c8ab054c0e97_large.jpg?v=1660334336,"
            Kaydell Queen Bed w/ Dresser Mirror &amp; Night Stand
          ",https://www.marlofurniture.com/cdn/shop/products/39e509dc-63fe-4607-abec-c8ab054c0e97_large.jpg?v=1660334336

65c66614-4be3-11ee-b8c7-ec764e5b926a,https://www.marlofurniture.com/cdn/shop/products/image_9005cae6-6719-4e68-a1ae-6cfa3789fe77_large.jpg?v=1648767374,"
            Kaydell Queen Bed with Dresser Mirror &amp; Night Stands
          ",https://www.marlofurniture.com/cdn/shop/products/image_9005cae6-6719-4e68-a1ae-6cfa3789fe77_large.jpg?v=1648767374

65c66615-4be3-11ee-b99a-ec764e5b926a,https://www.marlofurniture.com/cdn/shop/products/1678W-1_large.jpg?v=1568229903,"
            Keren - White Queen Bed with Dresser Mirror &amp; Nightstand
          ",https://www.marlofurniture.com/cdn/shop/products/1678W-1_large.jpg?v=1568229903

65c66616-4be3-11ee-8d54-ec764e5b926a,https://www.marlofurniture.com/cdn/shop/products/94c53662-15a3-4d7a-a9a4-9f529ce04ac5_0baa5c10-288f-4ee4-8169-8ab019621e55_large.jpg?v=1649091443,"
            Bellaby Whitewash Queen Storage Bed with Dresser Mirror &amp; Nightstand
          ",https://www.marlofurniture.com/cdn/shop/products/94c53662-15a3-4d7a-a9a4-9f529ce04ac5_0baa5c10-288f-4ee4-8169-8ab019621e55_large.jpg?v=1649091443

65c66617-4be3-11ee-804f-ec764e5b926a,https://www.marlofurniture.com/cdn/shop/products/4c6ce2cc-72c8-4281-bf93-03c3f1000f45_large.jpg?v=1660332376,"
            Arnett Gray Queen Bed w/ Dresser Mirror &amp; Nightstand
          ",https://www.marlofurniture.com/cdn/shop/products/4c6ce2cc-72c8-4281-bf93-03c3f1000f45_large.jpg?v=1660332376

65c66618-4be3-11ee-910a-ec764e5b926a,https://www.marlofurniture.com/cdn/shop/products/LINDA-NM-D_f3d4ade0-50dc-4a32-a1bd-59ecfa8ff1c7_large.jpg?v=1568137233,"
            Linda New Merlot Queen Bedroom Set
          ",https://www.marlofurniture.com/cdn/shop/products/LINDA-NM-D_f3d4ade0-50dc-4a32-a1bd-59ecfa8ff1c7_large.jpg?v=1568137233

65c66619-4be3-11ee-add7-ec764e5b926a,https://www.marlofurniture.com/cdn/shop/products/B221-Baystorm_Full_Storage_Bed_adf6af6a-f56b-4b60-bca7-e125ec6a8827_large.jpg?v=1649091550,"
            Baystorm Gray Queen Storage Bed with Dresser &amp; Mirror
          ",https://www.marlofurniture.com/cdn/shop/products/B221-Baystorm_Full_Storage_Bed_adf6af6a-f56b-4b60-bca7-e125ec6a8827_large.jpg?v=1649091550

65c6661a-4be3-11ee-bde5-ec764e5b926a,https://www.marlofurniture.com/cdn/shop/products/jpg__86007.1528314747_f96429ee-1a08-49cd-96b8-105880aec575_large.jpg?v=1660335941,"
            Willowton Whitewash Queen Sleigh Bed w/ Dresser Mirror &amp; Nightstand
          ",https://www.marlofurniture.com/cdn/shop/products/jpg__86007.1528314747_f96429ee-1a08-49cd-96b8-105880aec575_large.jpg?v=1660335941

65c6661b-4be3-11ee-8d60-ec764e5b926a,https://www.marlofurniture.com/cdn/shop/products/39268729-c20a-4804-919c-5ca59d03be85_large.jpg?v=1649091618,"
            Derekson Multi Gray King Bed with Dresser Mirror &amp; 2 Nightstand
          ",https://www.marlofurniture.com/cdn/shop/products/39268729-c20a-4804-919c-5ca59d03be85_large.jpg?v=1649091618

65c6661c-4be3-11ee-bbd3-ec764e5b926a,https://www.marlofurniture.com/cdn/shop/products/jpg__94705.1580249243_large.jpg?v=1648847109,"
            Bellaby Whitewash King Storage Bed with Dresser &amp; Mirror
          ",https://www.marlofurniture.com/cdn/shop/products/jpg__94705.1580249243_large.jpg?v=1648847109

65c6661d-4be3-11ee-a947-ec764e5b926a,https://www.marlofurniture.com/cdn/shop/products/jpg__26261.1560742942_2e822043-9bd4-4952-aeaf-f97b7108a700_large.jpg?v=1660335937,"
            Willowton Whitewash King Bed w/ Dresser Mirror &amp; Nightstand
          ",https://www.marlofurniture.com/cdn/shop/products/jpg__26261.1560742942_2e822043-9bd4-4952-aeaf-f97b7108a700_large.jpg?v=1660335937

65c6661e-4be3-11ee-873b-ec764e5b926a,https://www.marlofurniture.com/cdn/shop/products/image_bc702443-c528-473f-9c4c-31e7d0a4074f_large.jpg?v=1660334570,"
            Lodanna Dresser  Mirror  King Bed and Nightstand
          ",https://www.marlofurniture.com/cdn/shop/products/image_bc702443-c528-473f-9c4c-31e7d0a4074f_large.jpg?v=1660334570

65c6661f-4be3-11ee-93f7-ec764e5b926a,https://www.marlofurniture.com/cdn/shop/products/lodanna-king-panel-bed-with-storage-8_cfce909e-7c76-4162-a214-85c6544d57c6_large.jpg?v=1660334595,"
            Lodanna Queen Storage Bed w/ Dresser Mirror &amp; Nightstand
          ",https://www.marlofurniture.com/cdn/shop/products/lodanna-king-panel-bed-with-storage-8_cfce909e-7c76-4162-a214-85c6544d57c6_large.jpg?v=1660334595

65c66620-4be3-11ee-ba16-ec764e5b926a,https://www.marlofurniture.com/cdn/shop/products/1678W-1_b94eaefd-fd80-4659-9c53-390317dab787_large.jpg?v=1568230250,"
            Keren - White King Bed w/ Dresser &amp; Mirror
          ",https://www.marlofurniture.com/cdn/shop/products/1678W-1_b94eaefd-fd80-4659-9c53-390317dab787_large.jpg?v=1568230250

65c66621-4be3-11ee-adb9-ec764e5b926a,https://www.marlofurniture.com/cdn/shop/products/HOM1958-5_87ef0a16-17c0-476a-91d6-585f852b75f0_large.jpg?v=1664471592,"
            Bevelle Queen Bed w/ Dresser Mirror
          ",https://www.marlofurniture.com/cdn/shop/products/HOM1958-5_87ef0a16-17c0-476a-91d6-585f852b75f0_large.jpg?v=1664471592

65c68cf3-4be3-11ee-b95a-ec764e5b926a,https://www.marlofurniture.com/cdn/shop/products/B255-57-54-MOOD-B_68fc1bb0-941d-4434-a738-75cda3644a52_large.jpg?v=1660333705,"
            Effie Whitewash Queen Bed w/ Dresser Mirror &amp; Nightstand
          ",https://www.marlofurniture.com/cdn/shop/products/B255-57-54-MOOD-B_68fc1bb0-941d-4434-a738-75cda3644a52_large.jpg?v=1660333705

65c68cf4-4be3-11ee-8505-ec764e5b926a,https://www.marlofurniture.com/cdn/shop/products/image_faafd96e-5ca3-4466-8a04-e2276eb890cd_large.jpg?v=1660336021,"
            Wynnlow Gray King Poster Bed w/ Dresser Mirror &amp; Nightstand
          ",https://www.marlofurniture.com/cdn/shop/products/image_faafd96e-5ca3-4466-8a04-e2276eb890cd_large.jpg?v=1660336021

65c68cf5-4be3-11ee-a5e0-ec764e5b926a,https://www.marlofurniture.com/cdn/shop/files/B331-31-36-46-58-56-97-91-Q323-ALT_large.jpg?v=1693243787,"
            Bellaby Whitewash King Bed with Dresser Mirror &amp; Nightstand
          ",https://www.marlofurniture.com/cdn/shop/files/B331-31-36-46-58-56-97-91-Q323-ALT_large.jpg?v=1693243787

65c68cf6-4be3-11ee-8d82-ec764e5b926a,https://www.marlofurniture.com/cdn/shop/products/AF-B267-Willowton-King-Sleigh-Bed-2_large.gif?v=1649091774,"
            Willowton Whitewash King Sleigh Bed with Dresser &amp; Mirror
          ",https://www.marlofurniture.com/cdn/shop/products/AF-B267-Willowton-King-Sleigh-Bed-2_large.gif?v=1649091774

65c68cf7-4be3-11ee-8557-ec764e5b926a,https://www.marlofurniture.com/cdn/shop/products/b251-5pc2_a5f5d7a6-bf98-44b9-9335-247569e88d89_large.jpg?v=1660334267,"
            Juararo Queen Poster Bed W/Dresser Mirror &amp; Nightstand
          ",https://www.marlofurniture.com/cdn/shop/products/b251-5pc2_a5f5d7a6-bf98-44b9-9335-247569e88d89_large.jpg?v=1660334267

65c68cf8-4be3-11ee-919e-ec764e5b926a,https://www.marlofurniture.com/cdn/shop/products/2145-1_1024x1024_0c550ba0-4bfd-4756-ab68-99798f595d66_large.jpg?v=1648893111,"
            Edina Queen Bed with Dresser Mirror &amp; Nightstandchest
          ",https://www.marlofurniture.com/cdn/shop/products/2145-1_1024x1024_0c550ba0-4bfd-4756-ab68-99798f595d66_large.jpg?v=1648893111

65c68cf9-4be3-11ee-ae20-ec764e5b926a,https://www.marlofurniture.com/cdn/shop/products/94c53662-15a3-4d7a-a9a4-9f529ce04ac5_59b16775-243d-4d04-9fb7-7fcc7bb80a88_large.jpg?v=1649091982,"
            Bellaby Whitewash Queen Storage Bed with Dresser &amp; Mirror
          ",https://www.marlofurniture.com/cdn/shop/products/94c53662-15a3-4d7a-a9a4-9f529ce04ac5_59b16775-243d-4d04-9fb7-7fcc7bb80a88_large.jpg?v=1649091982

65c68cfa-4be3-11ee-b803-ec764e5b926a,https://www.marlofurniture.com/cdn/shop/products/276d9e68-fab1-4ee8-9377-e6b8f38d9107_large.jpg?v=1660333052,"
            Cambeck Queen Storage Bed w/ Dresser Mirror &amp; Nightstand
          ",https://www.marlofurniture.com/cdn/shop/products/276d9e68-fab1-4ee8-9377-e6b8f38d9107_large.jpg?v=1660333052

65c68cfb-4be3-11ee-a4da-ec764e5b926a,https://www.marlofurniture.com/cdn/shop/products/download_4_large.jpg?v=1648847240,"
            Cambeck Queen Storage Bed with Dresser Mirror &amp; Nightstand
          ",https://www.marlofurniture.com/cdn/shop/products/download_4_large.jpg?v=1648847240

65c68cfc-4be3-11ee-b15f-ec764e5b926a,https://www.marlofurniture.com/cdn/shop/products/AF-B267-Willowton-Queen-Panel-Set-1_e5049eec-b1cc-4029-b976-96885218c5e5_large.gif?v=1660335940,"
            Willowton Whitewash Queen Bed w/ Dresser Mirror &amp; Nightstand
          ",https://www.marlofurniture.com/cdn/shop/products/AF-B267-Willowton-Queen-Panel-Set-1_e5049eec-b1cc-4029-b976-96885218c5e5_large.gif?v=1660335940

65c68cfd-4be3-11ee-a50c-ec764e5b926a,https://www.marlofurniture.com/cdn/shop/products/image_7b5935d6-5674-4e89-93dc-df74494c4fc0_large.jpg?v=1660334574,"
            Lodanna Dresser  Mirror &amp; King Panel Bed with Storage
          ",https://www.marlofurniture.com/cdn/shop/products/image_7b5935d6-5674-4e89-93dc-df74494c4fc0_large.jpg?v=1660334574

65c68cfe-4be3-11ee-a1b0-ec764e5b926a,https://www.marlofurniture.com/cdn/shop/products/b214-31-36-46-57-on-54-96-92_1_1_ashley2019_1_40d23705-41e8-4715-9626-2619b8479ecc_large.jpg?v=1660334585,"
            Lodanna Queen Bed w/ Dresser Mirror &amp; Nightstand
          ",https://www.marlofurniture.com/cdn/shop/products/b214-31-36-46-57-on-54-96-92_1_1_ashley2019_1_40d23705-41e8-4715-9626-2619b8479ecc_large.jpg?v=1660334585

65c68cff-4be3-11ee-80c9-ec764e5b926a,https://www.marlofurniture.com/cdn/shop/products/unnamed_6d1edab6-3531-47bb-b6b6-2f27ff372788_large.jpg?v=1660333701,"
            Effie Whitewash King Storage Bed w/ Dresser &amp; Mirror
          ",https://www.marlofurniture.com/cdn/shop/products/unnamed_6d1edab6-3531-47bb-b6b6-2f27ff372788_large.jpg?v=1660333701

65c68d00-4be3-11ee-9733-ec764e5b926a,https://www.marlofurniture.com/cdn/shop/products/af3ba96c-bed7-43dc-ba19-36a2f0433108_d53ac868-6166-4485-8b2a-d456bfa66a24_large.jpg?v=1660333047,"
            Cambeck King Bed w/ Dresser Mirror &amp; Nightstand
          ",https://www.marlofurniture.com/cdn/shop/products/af3ba96c-bed7-43dc-ba19-36a2f0433108_d53ac868-6166-4485-8b2a-d456bfa66a24_large.jpg?v=1660333047

65c68d01-4be3-11ee-8090-ec764e5b926a,https://www.marlofurniture.com/cdn/shop/products/1678W-1_e41ad2f6-3489-4515-9451-0ec8162dac6e_large.jpg?v=1568230142,"
            Keren - White Queen Bed with Dresser &amp; Mirror
          ",https://www.marlofurniture.com/cdn/shop/products/1678W-1_e41ad2f6-3489-4515-9451-0ec8162dac6e_large.jpg?v=1568230142

65c68d02-4be3-11ee-b0f5-ec764e5b926a,https://www.marlofurniture.com/cdn/shop/products/download_3_large.jpg?v=1648844419,"
            Cambeck King Bed with Dresser Mirror &amp; Nightstand
          ",https://www.marlofurniture.com/cdn/shop/products/download_3_large.jpg?v=1648844419

65c68d03-4be3-11ee-90c8-ec764e5b926a,https://www.marlofurniture.com/cdn/shop/products/b211-31-36-46-58-56-97-92-alt_1_1_ashley20191_1_e6a70027-9cb6-4235-8f13-ab6cb4d7b176_large.jpg?v=1660333639,"
            Drystan Multi King Bed w/ Dresser Mirror &amp; Nightstand
          ",https://www.marlofurniture.com/cdn/shop/products/b211-31-36-46-58-56-97-92-alt_1_1_ashley20191_1_e6a70027-9cb6-4235-8f13-ab6cb4d7b176_large.jpg?v=1660333639

65c68d04-4be3-11ee-bb10-ec764e5b926a,https://www.marlofurniture.com/cdn/shop/products/jpg__16491.1541538541_983311b4-e9b4-4fa4-a65e-58d19c997096_large.jpg?v=1660333478,"
            Derekson Multi Gray King Bed w/ Dresser Mirror &amp; Nightstand
          ",https://www.marlofurniture.com/cdn/shop/products/jpg__16491.1541538541_983311b4-e9b4-4fa4-a65e-58d19c997096_large.jpg?v=1660333478

65c68d05-4be3-11ee-a1b4-ec764e5b926a,https://www.marlofurniture.com/cdn/shop/products/B255-31-36-46-58-56-97-92_1a3a6abb-a871-445f-8fcb-d72255a390c6_large.jpg?v=1660333699,"
            Effie Whitewash King Bed w/ Dresser Mirror &amp; Nightstand
          ",https://www.marlofurniture.com/cdn/shop/products/B255-31-36-46-58-56-97-92_1a3a6abb-a871-445f-8fcb-d72255a390c6_large.jpg?v=1660333699

65c68d06-4be3-11ee-8d8d-ec764e5b926a,https://www.marlofurniture.com/cdn/shop/products/94c53662-15a3-4d7a-a9a4-9f529ce04ac5_0e089215-eee5-473e-baa0-67953bcfd9b3_large.jpg?v=1649092045,"
            Bellaby Whitewash Queen Bed with Dresser Mirror &amp; Nightstand
          ",https://www.marlofurniture.com/cdn/shop/products/94c53662-15a3-4d7a-a9a4-9f529ce04ac5_0e089215-eee5-473e-baa0-67953bcfd9b3_large.jpg?v=1649092045

65c68d07-4be3-11ee-af89-ec764e5b926a,https://www.marlofurniture.com/cdn/shop/products/AF-B267-Willowton-King-Sleigh-Bed-2_524f9bdf-29d8-4ad9-8095-8b43ecf85030_large.gif?v=1649092089,"
            Willowton Whitewash Queen Sleigh Bed with Dresser &amp; Mirror
          ",https://www.marlofurniture.com/cdn/shop/products/AF-B267-Willowton-King-Sleigh-Bed-2_524f9bdf-29d8-4ad9-8095-8b43ecf85030_large.gif?v=1649092089

65c68d08-4be3-11ee-ab61-ec764e5b926a,https://www.marlofurniture.com/cdn/shop/products/jpg__96115.1580249165_4b64eb8a-0afc-453b-83eb-4b5a8c337737_large.jpg?v=1660335935,"
            Willowton Whitewash Cal King Bed w/ Dresser &amp; Mirror
          ",https://www.marlofurniture.com/cdn/shop/products/jpg__96115.1580249165_4b64eb8a-0afc-453b-83eb-4b5a8c337737_large.jpg?v=1660335935

65c68d09-4be3-11ee-9fd6-ec764e5b926a,https://www.marlofurniture.com/cdn/shop/products/5236G_large.jpg?v=1660336328,"
            Roya King Storage Bed and Dresser with Mirror
          ",https://www.marlofurniture.com/cdn/shop/products/5236G_large.jpg?v=1660336328

65c68d0a-4be3-11ee-8ab5-ec764e5b926a,https://www.marlofurniture.com/cdn/shop/products/f37a9e7b-7e47-4c16-9a96-642f55742a0c_large.jpg?v=1660333708,"
            Effie Whitewash Queen Storage Bed w/ Dresser &amp; Mirror
          ",https://www.marlofurniture.com/cdn/shop/products/f37a9e7b-7e47-4c16-9a96-642f55742a0c_large.jpg?v=1660333708

65c68d0b-4be3-11ee-9575-ec764e5b926a,https://www.marlofurniture.com/cdn/shop/products/b255-57-54s-mood-a_large.jpg?v=1649092140,"
            Effie Whitewash Queen Storage Bed with Dresser &amp; Mirror
          ",https://www.marlofurniture.com/cdn/shop/products/b255-57-54s-mood-a_large.jpg?v=1649092140

65c68d0c-4be3-11ee-b082-ec764e5b926a,https://www.marlofurniture.com/cdn/shop/products/image_db8d988a-aa10-4714-9bbc-1d11bd9c0f8a_large.jpg?v=1660336015,"
            Wynnlow Gray King Bed w/ Dresser Mirror &amp; Nightstand
          ",https://www.marlofurniture.com/cdn/shop/products/image_db8d988a-aa10-4714-9bbc-1d11bd9c0f8a_large.jpg?v=1660336015

65c68d0d-4be3-11ee-b453-ec764e5b926a,https://www.marlofurniture.com/cdn/shop/products/762f9012-4d2e-4368-bf54-f0e48e9a2df9_large.jpg?v=1649092254,"
            Willowton Whitewash King Bed with Dresser &amp; Mirror
          ",https://www.marlofurniture.com/cdn/shop/products/762f9012-4d2e-4368-bf54-f0e48e9a2df9_large.jpg?v=1649092254

65c68d0e-4be3-11ee-8a22-ec764e5b926a,https://www.marlofurniture.com/cdn/shop/products/image_379a11da-b59f-463c-b78e-869826917da9_large.jpg?v=1660336019,"
            Wynnlow Gray King Poster Bed w/ Dresser &amp; Mirror
          ",https://www.marlofurniture.com/cdn/shop/products/image_379a11da-b59f-463c-b78e-869826917da9_large.jpg?v=1660336019

65c68d0f-4be3-11ee-be8f-ec764e5b926a,https://www.marlofurniture.com/cdn/shop/products/image_be4072ba-1f33-48c9-b4c1-499c61cbde12_large.jpg?v=1660334572,"
            Lodanna Dresser  Mirror &amp; King Panel Bed
          ",https://www.marlofurniture.com/cdn/shop/products/image_be4072ba-1f33-48c9-b4c1-499c61cbde12_large.jpg?v=1660334572

65c68d10-4be3-11ee-b1a4-ec764e5b926a,https://www.marlofurniture.com/cdn/shop/products/image_c61d0dde-c09b-44fa-94b7-965bf97e4f3d_large.jpg?v=1660334593,"
            Lodanna Queen Storage Bed w/Dresser and Mirror
          ",https://www.marlofurniture.com/cdn/shop/products/image_c61d0dde-c09b-44fa-94b7-965bf97e4f3d_large.jpg?v=1660334593

65c68d11-4be3-11ee-b1e7-ec764e5b926a,https://www.marlofurniture.com/cdn/shop/products/jpg__01265.1587191156_large.jpg?v=1648841941,"
            Cambeck Queen Bed with Dresser Mirror &amp; Nightstand
          ",https://www.marlofurniture.com/cdn/shop/products/jpg__01265.1587191156_large.jpg?v=1648841941

65c68d12-4be3-11ee-8e69-ec764e5b926a,https://www.marlofurniture.com/cdn/shop/products/B255-57-54-MOOD-B_57e052f2-438b-4b23-8dae-687168500f80_large.jpg?v=1660333704,"
            Effie Whitewash Queen Bed w/ Dresser Mirror &amp; Nightstand
          ",https://www.marlofurniture.com/cdn/shop/products/B255-57-54-MOOD-B_57e052f2-438b-4b23-8dae-687168500f80_large.jpg?v=1660333704

65c68d13-4be3-11ee-bc5a-ec764e5b926a,https://www.marlofurniture.com/cdn/shop/products/B211-57-54S-96-1_large.jpg?v=1660333649,"
            Drystan Multi Queen Bed w/ Dresser Mirror &amp; Nightstand
          ",https://www.marlofurniture.com/cdn/shop/products/B211-57-54S-96-1_large.jpg?v=1660333649

65c68d14-4be3-11ee-bff4-ec764e5b926a,https://www.marlofurniture.com/cdn/shop/products/0005571_derekson-multi-gray-queen-bed_600_8d4077f0-278e-4a79-9239-a836698344fc_large.jpg?v=1660333480,"
            Derekson Multi Gray Queen Bed w/ Dresser Mirror &amp; Nightstand
          ",https://www.marlofurniture.com/cdn/shop/products/0005571_derekson-multi-gray-queen-bed_600_8d4077f0-278e-4a79-9239-a836698344fc_large.jpg?v=1660333480

65c68d15-4be3-11ee-8e4f-ec764e5b926a,https://www.marlofurniture.com/cdn/shop/products/POMPEI-W-CH_2_658c9141-68ae-41c8-8b23-e932e6f16357_large.jpg?v=1660337038,"
            Pompei Metallic White King Bed and Dresser w/ Mirror  Nightstand
          ",https://www.marlofurniture.com/cdn/shop/products/POMPEI-W-CH_2_658c9141-68ae-41c8-8b23-e932e6f16357_large.jpg?v=1660337038

65c68d16-4be3-11ee-be59-ec764e5b926a,https://www.marlofurniture.com/cdn/shop/products/POMPEI-METALLIC-GREY-MR_2_2_a38f0905-ce24-4c6e-b452-5ec9276563cb_large.jpg?v=1660337021,"
            Pompei Metallic Grey King Bed and Dresser with Mirror  Nightstand
          ",https://www.marlofurniture.com/cdn/shop/products/POMPEI-METALLIC-GREY-MR_2_2_a38f0905-ce24-4c6e-b452-5ec9276563cb_large.jpg?v=1660337021

65c68d17-4be3-11ee-a671-ec764e5b926a,https://www.marlofurniture.com/cdn/shop/products/jpg__91157.1580249248_b72ff9e0-6758-41cc-b67d-4569475d580b_large.jpg?v=1648844320,"
            Bellaby Whitewash King Bed with Dresser &amp; Mirror
          ",https://www.marlofurniture.com/cdn/shop/products/jpg__91157.1580249248_b72ff9e0-6758-41cc-b67d-4569475d580b_large.jpg?v=1648844320

65c68d18-4be3-11ee-ad3b-ec764e5b926a,https://www.marlofurniture.com/cdn/shop/products/b128-31-77-74-98-92-q737-q707_6d72453a-291c-40e3-a9f2-79905dafc2c9_large.jpg?v=1649092306,"
            Huey Vineyard Full Bed with Dresser &amp; Mirror Nightstand
          ",https://www.marlofurniture.com/cdn/shop/products/b128-31-77-74-98-92-q737-q707_6d72453a-291c-40e3-a9f2-79905dafc2c9_large.jpg?v=1649092306

65c68d19-4be3-11ee-b8bd-ec764e5b926a,https://www.marlofurniture.com/cdn/shop/products/jpg__97759.1587191458_large.jpg?v=1648847516,"
            Drystan Multi Full Bed with Storage Footboard with Dresser &amp; Mirror
          ",https://www.marlofurniture.com/cdn/shop/products/jpg__97759.1587191458_large.jpg?v=1648847516

65c68d1a-4be3-11ee-8773-ec764e5b926a,https://www.marlofurniture.com/cdn/shop/products/download_1_large.jpg?v=1648841863,"
            Drystan Multi Queen Bed with storage footboard with Dresser &amp; Mirror
          ",https://www.marlofurniture.com/cdn/shop/products/download_1_large.jpg?v=1648841863

65c68d1b-4be3-11ee-aa16-ec764e5b926a,https://www.marlofurniture.com/cdn/shop/products/jpg__86362.1580248607_large.jpg?v=1648847573,"
            Drystan Multi King Bed with Dresser &amp; Mirror
          ",https://www.marlofurniture.com/cdn/shop/products/jpg__86362.1580248607_large.jpg?v=1648847573

65c68d1c-4be3-11ee-9226-ec764e5b926a,https://www.marlofurniture.com/cdn/shop/products/B255-31-36-46-58-56-97-92_70302900-b06d-44ff-9057-60a94e8887d2_large.jpg?v=1660333698,"
            Effie Whitewash King Bed w/ Dresser &amp; Mirror
          ",https://www.marlofurniture.com/cdn/shop/products/B255-31-36-46-58-56-97-92_70302900-b06d-44ff-9057-60a94e8887d2_large.jpg?v=1660333698

65c68d1d-4be3-11ee-8a83-ec764e5b926a,https://www.marlofurniture.com/cdn/shop/products/jpg__16491.1541538541_af0a3abc-afd8-4040-8786-13a6c05d7895_large.jpg?v=1660333476,"
            Derekson Multi Gray King Bed w/ Dresser &amp; Mirror
          ",https://www.marlofurniture.com/cdn/shop/products/jpg__16491.1541538541_af0a3abc-afd8-4040-8786-13a6c05d7895_large.jpg?v=1660333476

65c6b3db-4be3-11ee-ac3a-ec764e5b926a,https://www.marlofurniture.com/cdn/shop/products/image_345040f7-7abf-4372-9daf-e91f8b7d6fb5_large.jpg?v=1660336017,"
            Wynnlow Gray King Crossbuck Bed w/ Dresser &amp; Mirror
          ",https://www.marlofurniture.com/cdn/shop/products/image_345040f7-7abf-4372-9daf-e91f8b7d6fb5_large.jpg?v=1660336017

65c6b3dc-4be3-11ee-98c3-ec764e5b926a,https://www.marlofurniture.com/cdn/shop/products/POMPEI-W-CH_2_762b3024-4993-431a-a81b-9b452e01cd40_large.jpg?v=1660337037,"
            Pompei Metallic White King Bed and Dresser w/ Mirror
          ",https://www.marlofurniture.com/cdn/shop/products/POMPEI-W-CH_2_762b3024-4993-431a-a81b-9b452e01cd40_large.jpg?v=1660337037

65c6b3dd-4be3-11ee-98c9-ec764e5b926a,https://www.marlofurniture.com/cdn/shop/products/POMPEI-METALLIC-GREY-MR_2_2_c90c3d0b-c3d6-4c2f-a9e0-099f0b76debd_large.jpg?v=1660337019,"
            Pompei Metallic Grey King Bed and Dresser with Mirror
          ",https://www.marlofurniture.com/cdn/shop/products/POMPEI-METALLIC-GREY-MR_2_2_c90c3d0b-c3d6-4c2f-a9e0-099f0b76debd_large.jpg?v=1660337019

65c6b3de-4be3-11ee-a672-ec764e5b926a,https://www.marlofurniture.com/cdn/shop/products/image_dfb8152c-db9c-4be3-8072-288d4cd52fc3_large.jpg?v=1660336025,"
            Wynnlow Gray Queen Bed w/ Dresser Mirror &amp; Nightstand
          ",https://www.marlofurniture.com/cdn/shop/products/image_dfb8152c-db9c-4be3-8072-288d4cd52fc3_large.jpg?v=1660336025

65c6b3df-4be3-11ee-8262-ec764e5b926a,https://www.marlofurniture.com/cdn/shop/products/c1f71aea-aa89-4ab5-9d47-78524bdb0f65_large.jpg?v=1649092369,"
            Willowton Whitewash Queen Bed with Dresser &amp; Mirror
          ",https://www.marlofurniture.com/cdn/shop/products/c1f71aea-aa89-4ab5-9d47-78524bdb0f65_large.jpg?v=1649092369

65c6b3e0-4be3-11ee-a6d1-ec764e5b926a,https://www.marlofurniture.com/cdn/shop/products/jpg__91157.1580249248_large.jpg?v=1648841795,"
            Bellaby Whitewash Queen Bed with Dresser &amp; Mirror
          ",https://www.marlofurniture.com/cdn/shop/products/jpg__91157.1580249248_large.jpg?v=1648841795

65c6b3e1-4be3-11ee-83c0-ec764e5b926a,https://www.marlofurniture.com/cdn/shop/products/image_2b9016d1-c970-4f5f-9f17-b5ad290c89b5_large.jpg?v=1660334576,"
            Lodanna Dresser  Mirror &amp; Queen Panel Bed
          ",https://www.marlofurniture.com/cdn/shop/products/image_2b9016d1-c970-4f5f-9f17-b5ad290c89b5_large.jpg?v=1660334576

65c6b3e2-4be3-11ee-80bc-ec764e5b926a,https://www.marlofurniture.com/cdn/shop/products/5236G_4beeb622-ff3f-4522-b67d-5a1fc9f1b8ad_large.jpg?v=1660336333,"
            Roya Queen Storage Bed and Dresser with Mirror
          ",https://www.marlofurniture.com/cdn/shop/products/5236G_4beeb622-ff3f-4522-b67d-5a1fc9f1b8ad_large.jpg?v=1660336333

65c6b3e3-4be3-11ee-b406-ec764e5b926a,https://www.marlofurniture.com/cdn/shop/products/image_c2686d43-6eb3-4fd4-92ad-8e18fe89dd5f_large.jpg?v=1660336013,"
            Wynnlow Gray King Bed w/ Dresser &amp; Mirror
          ",https://www.marlofurniture.com/cdn/shop/products/image_c2686d43-6eb3-4fd4-92ad-8e18fe89dd5f_large.jpg?v=1660336013

65c6b3e4-4be3-11ee-995f-ec764e5b926a,https://www.marlofurniture.com/cdn/shop/products/POMPEI-W-CH_2_165f1ab1-c600-44d7-8fea-1bf365bd9d2d_large.jpg?v=1660337043,"
            Pompei Metallic White Queen Bed and Dresser w/ Mirror  Nightstand
          ",https://www.marlofurniture.com/cdn/shop/products/POMPEI-W-CH_2_165f1ab1-c600-44d7-8fea-1bf365bd9d2d_large.jpg?v=1660337043

65c6b3e5-4be3-11ee-8ddc-ec764e5b926a,https://www.marlofurniture.com/cdn/shop/products/POMPEI-METALLIC-GREY-MR_2_2_0485aa04-2971-4dd3-a6e7-bfa1c1293a1d_large.jpg?v=1660337028,"
            Pompei Metallic Grey Queen Bed and Dresser with Mirror  Nightstand
          ",https://www.marlofurniture.com/cdn/shop/products/POMPEI-METALLIC-GREY-MR_2_2_0485aa04-2971-4dd3-a6e7-bfa1c1293a1d_large.jpg?v=1660337028

65c6b3e6-4be3-11ee-a4a3-ec764e5b926a,https://www.marlofurniture.com/cdn/shop/products/image_29be8bdb-cc02-4812-92ec-b3102e9a9eb3_large.jpg?v=1660336027,"
            Wynnlow Gray Queen Crossbuck Bed w/ Dresser &amp; Mirror
          ",https://www.marlofurniture.com/cdn/shop/products/image_29be8bdb-cc02-4812-92ec-b3102e9a9eb3_large.jpg?v=1660336027

65c6b3e7-4be3-11ee-aa01-ec764e5b926a,https://www.marlofurniture.com/cdn/shop/products/jpg__22373.1580249540_large.jpg?v=1648842012,"
            Drystan Multi Queen Bed with Dresser &amp; Mirror
          ",https://www.marlofurniture.com/cdn/shop/products/jpg__22373.1580249540_large.jpg?v=1648842012

65c6b3e8-4be3-11ee-b92b-ec764e5b926a,https://www.marlofurniture.com/cdn/shop/products/B255-57-54-MOOD-B_ecfe50ca-5658-467f-8f07-3e2c9605332c_large.jpg?v=1660333702,"
            Effie Whitewash Queen Bed w/ Dresser &amp; Mirror
          ",https://www.marlofurniture.com/cdn/shop/products/B255-57-54-MOOD-B_ecfe50ca-5658-467f-8f07-3e2c9605332c_large.jpg?v=1660333702

65c6b3e9-4be3-11ee-a047-ec764e5b926a,https://www.marlofurniture.com/cdn/shop/products/0005571_derekson-multi-gray-queen-bed_600_782059a4-d2f8-4134-909f-112c60498a5b_large.jpg?v=1660333479,"
            Derekson Multi Gray Queen Bed w/ Dresser &amp; Mirror
          ",https://www.marlofurniture.com/cdn/shop/products/0005571_derekson-multi-gray-queen-bed_600_782059a4-d2f8-4134-909f-112c60498a5b_large.jpg?v=1660333479

65c6b3ea-4be3-11ee-b784-ec764e5b926a,https://www.marlofurniture.com/cdn/shop/products/B211-Drystan_Full_Bedroom_Set_77155b79-301b-409f-ba22-c356b6a787e1_large.jpg?v=1660333636,"
            Drystan Multi Full Panel Bed w/ Dresser &amp; Mirror
          ",https://www.marlofurniture.com/cdn/shop/products/B211-Drystan_Full_Bedroom_Set_77155b79-301b-409f-ba22-c356b6a787e1_large.jpg?v=1660333636

65c6b3eb-4be3-11ee-93e1-ec764e5b926a,https://www.marlofurniture.com/cdn/shop/products/0005572_derekson-multi-gray-twin-bed_600_7717b745-b12b-4ef7-af6a-09f8bf8018de_large.jpg?v=1660333482,"
            Derekson Multi Gray Twin Bed w/ Dresser &amp; Mirror
          ",https://www.marlofurniture.com/cdn/shop/products/0005572_derekson-multi-gray-twin-bed_600_7717b745-b12b-4ef7-af6a-09f8bf8018de_large.jpg?v=1660333482

65c6b3ec-4be3-11ee-a1bb-ec764e5b926a,https://www.marlofurniture.com/cdn/shop/products/Kate_-_Grey_bedroom_set_large.jpg?v=1569258868,"
            Kate Grey King Bed w/ Dresser  Mirror &amp; Nightstand
          ",https://www.marlofurniture.com/cdn/shop/products/Kate_-_Grey_bedroom_set_large.jpg?v=1569258868

65c6b3ed-4be3-11ee-8528-ec764e5b926a,https://www.marlofurniture.com/cdn/shop/products/Kate_bedroom_set_7d735866-6a2a-47ee-a978-3412642a0b88_large.jpg?v=1568925614,"
            Kate White King Bed w/ Dresser  Mirror &amp; Nightstand
          ",https://www.marlofurniture.com/cdn/shop/products/Kate_bedroom_set_7d735866-6a2a-47ee-a978-3412642a0b88_large.jpg?v=1568925614

65c6b3ee-4be3-11ee-90d7-ec764e5b926a,https://www.marlofurniture.com/cdn/shop/products/2145-1_1_SMALL_1_a11da81b-0d80-4c75-9fa5-a60c81aeaf40_large.jpg?v=1660336510,"
            Edina  King Bed  Dresser with Mirror  and Nightstand
          ",https://www.marlofurniture.com/cdn/shop/products/2145-1_1_SMALL_1_a11da81b-0d80-4c75-9fa5-a60c81aeaf40_large.jpg?v=1660336510

65c6b3ef-4be3-11ee-b937-ec764e5b926a,https://www.marlofurniture.com/cdn/shop/products/8343A_802456f8-a6f0-4e3e-b7fe-d2cfe8aeee35_large.jpg?v=1660336866,"
            Rosrin Queen Grey Bed and Dresser with Mirror  Nightstand
          ",https://www.marlofurniture.com/cdn/shop/products/8343A_802456f8-a6f0-4e3e-b7fe-d2cfe8aeee35_large.jpg?v=1660336866

65c6b3f0-4be3-11ee-b5d7-ec764e5b926a,https://www.marlofurniture.com/cdn/shop/products/POMPEI-METALLIC-GREY-MR_2_2_f17d8bb1-bb8e-4ced-805e-ca4108efc81d_large.jpg?v=1660337026,"
            Pompei Metallic Grey Queen Bed and Dresser with Mirror
          ",https://www.marlofurniture.com/cdn/shop/products/POMPEI-METALLIC-GREY-MR_2_2_f17d8bb1-bb8e-4ced-805e-ca4108efc81d_large.jpg?v=1660337026

65c6b3f1-4be3-11ee-a1e5-ec764e5b926a,https://www.marlofurniture.com/cdn/shop/products/POMPEI-W-CH_2_1408537d-961d-4173-ba11-66f2025aef11_large.jpg?v=1660337042,"
            Pompei Metallic White Queen Bed and Dresser w/ Mirror
          ",https://www.marlofurniture.com/cdn/shop/products/POMPEI-W-CH_2_1408537d-961d-4173-ba11-66f2025aef11_large.jpg?v=1660337042

65c6b3f2-4be3-11ee-8cc4-ec764e5b926a,https://www.marlofurniture.com/cdn/shop/products/jpg__85870.1592502989.500.750_large.jpg?v=1648847659,"
            Drystan Multi Twin Bed with Dresser &amp; Mirror
          ",https://www.marlofurniture.com/cdn/shop/products/jpg__85870.1592502989.500.750_large.jpg?v=1648847659

65c6b3f3-4be3-11ee-b077-ec764e5b926a,https://www.marlofurniture.com/cdn/shop/products/image_231ff33f-971f-46d4-8e5c-32a432960375_large.jpg?v=1660336023,"
            Wynnlow Gray Queen Bed w/ Dresser &amp; Mirror
          ",https://www.marlofurniture.com/cdn/shop/products/image_231ff33f-971f-46d4-8e5c-32a432960375_large.jpg?v=1660336023

65c6b3f4-4be3-11ee-a9fa-ec764e5b926a,https://www.marlofurniture.com/cdn/shop/products/Kate_-_Grey_bedroom_set_7036d01c-9dbe-4c23-b30a-237cf4df8899_large.jpg?v=1569258904,"
            Kate Grey King Bed w/ Dresser  Mirror
          ",https://www.marlofurniture.com/cdn/shop/products/Kate_-_Grey_bedroom_set_7036d01c-9dbe-4c23-b30a-237cf4df8899_large.jpg?v=1569258904

65c6b3f5-4be3-11ee-9353-ec764e5b926a,https://www.marlofurniture.com/cdn/shop/products/Kate_bedroom_set_large.jpg?v=1568925504,"
            Kate White King Bed w/ Dresser &amp; Mirror
          ",https://www.marlofurniture.com/cdn/shop/products/Kate_bedroom_set_large.jpg?v=1568925504

65c6b3f6-4be3-11ee-9ca7-ec764e5b926a,https://www.marlofurniture.com/cdn/shop/products/2145-1_1_SMALL_1_fcad7bbc-220c-44e4-b45a-2bac9230354c_large.jpg?v=1660336513,"
            Edina Queen Bed  Dresser with Mirror  and Nightstand
          ",https://www.marlofurniture.com/cdn/shop/products/2145-1_1_SMALL_1_fcad7bbc-220c-44e4-b45a-2bac9230354c_large.jpg?v=1660336513

65c6b3f7-4be3-11ee-9cc6-ec764e5b926a,https://www.marlofurniture.com/cdn/shop/products/2145-1_1024x1024_39f5f316-cca1-4fb8-b0ee-121a5ee53ba9_large.jpg?v=1648893110,"
            Edina King Bed with Dresser &amp; Mirror
          ",https://www.marlofurniture.com/cdn/shop/products/2145-1_1024x1024_39f5f316-cca1-4fb8-b0ee-121a5ee53ba9_large.jpg?v=1648893110

65c6b3f8-4be3-11ee-bd47-ec764e5b926a,https://www.marlofurniture.com/cdn/shop/products/Kate_-_Grey_bedroom_set_24e74750-d578-4853-b45c-7a5f79006234_large.jpg?v=1569258964,"
            Kate Grey Queen Bed w/ Dresser  Mirror  Nightstand
          ",https://www.marlofurniture.com/cdn/shop/products/Kate_-_Grey_bedroom_set_24e74750-d578-4853-b45c-7a5f79006234_large.jpg?v=1569258964

65c6b3f9-4be3-11ee-aa96-ec764e5b926a,https://www.marlofurniture.com/cdn/shop/products/Kate_bedroom_set_db5b0341-1437-4213-94c7-d194e40868d5_large.jpg?v=1568925897,"
            Kate White Queen Bed w/ Dresser  Mirror &amp; Nightstand
          ",https://www.marlofurniture.com/cdn/shop/products/Kate_bedroom_set_db5b0341-1437-4213-94c7-d194e40868d5_large.jpg?v=1568925897

65c6b3fa-4be3-11ee-b183-ec764e5b926a,https://www.marlofurniture.com/cdn/shop/products/ROOM_20SHOT_7d35dd4b-9126-416c-98e0-0262469f8b43_large.jpg?v=1623943586,"
            Corbin Queen Bed  Dresser with Mirror  Nightstand
          ",https://www.marlofurniture.com/cdn/shop/products/ROOM_20SHOT_7d35dd4b-9126-416c-98e0-0262469f8b43_large.jpg?v=1623943586

65c6b3fb-4be3-11ee-8689-ec764e5b926a,https://www.marlofurniture.com/cdn/shop/products/2145-1_1024x1024_c3d950d9-06db-491b-aa82-8e974a7a8bb9_large.jpg?v=1648893109,"
            Edina Queen Bed with Dresser &amp; Mirror
          ",https://www.marlofurniture.com/cdn/shop/products/2145-1_1024x1024_c3d950d9-06db-491b-aa82-8e974a7a8bb9_large.jpg?v=1648893109

65c6b3fc-4be3-11ee-914e-ec764e5b926a,https://www.marlofurniture.com/cdn/shop/products/Kate_-_Grey_bedroom_set_25da12e3-549b-4e9d-ab0b-d0b377d7880b_large.jpg?v=1569259176,"
            Kate Grey Queen Bed w/ Dresser  Mirror
          ",https://www.marlofurniture.com/cdn/shop/products/Kate_-_Grey_bedroom_set_25da12e3-549b-4e9d-ab0b-d0b377d7880b_large.jpg?v=1569259176

65c6b3fd-4be3-11ee-a8aa-ec764e5b926a,https://www.marlofurniture.com/cdn/shop/products/Kate_bedroom_set_7b175c3b-8a11-4dbc-bbe9-a971dd803fc7_large.jpg?v=1568925783,"
            Kate White Queen Bed w/ Dresser &amp; Mirror
          ",https://www.marlofurniture.com/cdn/shop/products/Kate_bedroom_set_7b175c3b-8a11-4dbc-bbe9-a971dd803fc7_large.jpg?v=1568925783

65c6b3fe-4be3-11ee-ab9e-ec764e5b926a,https://www.marlofurniture.com/cdn/shop/products/APK-B633-QPB-10x8-CROP_6bd69762-18af-47b9-ba49-e9c02de6e339_large.jpg?v=1660337159,"
            Starmore Queen Panel Bed
          ",https://www.marlofurniture.com/cdn/shop/products/APK-B633-QPB-10x8-CROP_6bd69762-18af-47b9-ba49-e9c02de6e339_large.jpg?v=1660337159

65c6b3ff-4be3-11ee-81ad-ec764e5b926a,https://www.marlofurniture.com/cdn/shop/products/ROOM_20SHOT_b16b46ca-d800-4aa3-bfc1-c2eff8058f29_large.jpg?v=1623943726,"
            Corbin  Full Bed w/ Dresser &amp; Mirror
          ",https://www.marlofurniture.com/cdn/shop/products/ROOM_20SHOT_b16b46ca-d800-4aa3-bfc1-c2eff8058f29_large.jpg?v=1623943726

65c6b400-4be3-11ee-9e90-ec764e5b926a,https://www.marlofurniture.com/cdn/shop/products/ROOM_20SHOT_8b83ad63-8011-4d92-ae8b-465c30dc288c_large.jpg?v=1623943234,"
            Corbin Queen Bed and Dresser with Mirror
          ",https://www.marlofurniture.com/cdn/shop/products/ROOM_20SHOT_8b83ad63-8011-4d92-ae8b-465c30dc288c_large.jpg?v=1623943234

65c6b401-4be3-11ee-a69a-ec764e5b926a,https://www.marlofurniture.com/cdn/shop/products/f77cf105-39c4-4833-953f-7e7bb9d5a935_large.jpg?v=1660332326,"
            Anarasia Twin Bed w/ Nightstand
          ",https://www.marlofurniture.com/cdn/shop/products/f77cf105-39c4-4833-953f-7e7bb9d5a935_large.jpg?v=1660332326

65c6b402-4be3-11ee-8bbd-ec764e5b926a,https://www.marlofurniture.com/cdn/shop/products/ROOM_20SHOT_53588d11-abe2-4f48-960b-2dbd0487c495_large.jpg?v=1623944002,"
            Corbin Twin Bed w/ Dresser &amp; Mirror
          ",https://www.marlofurniture.com/cdn/shop/products/ROOM_20SHOT_53588d11-abe2-4f48-960b-2dbd0487c495_large.jpg?v=1623944002

65c6b403-4be3-11ee-abe1-ec764e5b926a,https://www.marlofurniture.com/cdn/shop/products/B398-46-10X8-CROP_72519e23-d33c-492b-94bb-e4f8edff88e6_large.jpg?v=1660336858,"
            Leewarden Chest of Drawers
          ",https://www.marlofurniture.com/cdn/shop/products/B398-46-10X8-CROP_72519e23-d33c-492b-94bb-e4f8edff88e6_large.jpg?v=1660336858

